154.299487	794.606277	0.000000	377.284281	0.295570	0.123027
152.793222	794.606304	0.000000	377.284268	0.294282	0.124314
154.556941	794.606433	22140.000000	377.284207	0.295570	0.148779
153.997701	794.606549	23830.000000	377.284152	0.295570	0.165519
154.555866	794.606648	26100.000000	377.284105	0.295570	0.177107
154.509376	794.606760	23580.000000	377.284052	0.294282	0.184833
154.998713	794.606935	19580.000000	377.283969	0.294282	0.191271
154.648225	794.607127	22220.000000	377.283877	0.294282	0.196422
153.804987	794.607191	25920.000000	377.283847	0.294282	0.197710
154.797252	794.607243	25770.000000	377.283822	0.294282	0.198997
154.033938	794.607336	28120.000000	377.283778	0.294282	0.200285
155.458307	794.607468	27560.000000	377.283715	0.294282	0.202860
153.937352	794.607590	26100.000000	377.283658	0.294282	0.202860
155.424827	794.607641	27570.000000	377.283634	0.294282	0.202860
155.827048	794.607747	26910.000000	377.283583	0.294282	0.202860
156.231804	794.607948	27780.000000	377.283488	0.294282	0.202860
154.846335	794.608058	28550.000000	377.283435	0.294282	0.202860
155.824147	794.608159	29530.000000	377.283387	0.294282	0.202860
154.275297	794.608229	28650.000000	377.283354	0.294282	0.204148
153.747737	794.608312	30990.000000	377.283315	0.295570	0.202860
154.114098	794.608383	28770.000000	377.283281	0.295570	0.202860
154.632543	794.608301	29750.000000	377.283320	0.294282	0.202860
154.456799	794.608249	29950.000000	377.283345	0.294282	0.202860
152.126113	794.608186	28760.000000	377.283375	0.294282	0.202860
154.432869	794.608122	32320.000000	377.283405	0.294282	0.211874
155.940496	794.608006	29570.000000	377.283460	0.294282	0.209298
155.700913	794.607837	30420.000000	377.283540	0.294282	0.208011
156.372373	794.607733	26840.000000	377.283590	0.294282	0.208011
155.039044	794.607622	27020.000000	377.283642	0.294282	0.206723
155.955516	794.607584	28020.000000	377.283661	0.294282	0.202860
155.440222	794.607534	26790.000000	377.283684	0.294282	0.205435
154.976862	794.607368	27730.000000	377.283763	0.294282	0.204148
154.471186	794.607270	26080.000000	377.283809	0.295570	0.204148
154.372854	794.607217	27300.000000	377.283835	0.294282	0.205435
154.176538	794.607067	25920.000000	377.283906	0.294282	0.205435
154.746846	794.606958	26150.000000	377.283958	0.294282	0.204148
155.185030	794.606753	21460.000000	377.284055	0.294282	0.204148
155.250943	794.606647	19610.000000	377.284106	0.294282	0.204148
153.895753	794.606582	24190.000000	377.284136	0.294282	0.202860
155.312243	794.606460	25340.000000	377.284194	0.294282	0.204148
153.833909	794.606343	24060.000000	377.284250	0.294282	0.204148
154.786761	794.606285	20780.000000	377.284278	0.294282	0.204148
153.632864	794.606218	20450.000000	377.284309	0.294282	0.202860
154.198188	794.606106	19560.000000	377.284362	0.294282	0.202860
153.882039	794.605986	23960.000000	377.284419	0.294282	0.204148
153.570401	794.605837	25120.000000	377.284490	0.294282	0.202860
153.262368	794.605736	23220.000000	377.284538	0.294282	0.204148
154.176252	794.605674	26030.000000	377.284567	0.294282	0.202860
154.853970	794.605582	26820.000000	377.284611	0.294282	0.202860
153.556154	794.605420	26080.000000	377.284688	0.294282	0.202860
153.728324	794.605304	27770.000000	377.284743	0.294282	0.202860
154.071545	794.605209	28130.000000	377.284788	0.294282	0.201573
153.850828	794.605081	26780.000000	377.284849	0.294282	0.202860
153.171035	794.604924	26890.000000	377.284924	0.294282	0.202860
154.379459	794.604810	25570.000000	377.284978	0.294282	0.202860
152.408307	794.604687	26550.000000	377.285036	0.294282	0.202860
154.409387	794.604633	27270.000000	377.285062	0.294282	0.202860
155.069756	794.604520	29520.000000	377.285115	0.295570	0.201573
154.003290	794.604367	28320.000000	377.285188	0.294282	0.201573
151.051803	794.604295	25660.000000	377.285222	0.295570	0.201573
154.862803	794.604215	26370.000000	377.285260	0.294282	0.201573
153.412988	794.604159	28320.000000	377.285287	0.294282	0.202860
152.954840	794.604099	27110.000000	377.285315	0.294282	0.201573
152.464690	794.603869	27250.000000	377.285425	0.294282	0.201573
151.739844	794.603773	26160.000000	377.285470	0.294282	0.201573
152.564934	794.603676	26320.000000	377.285516	0.294282	0.201573
151.676811	794.603470	26020.000000	377.285614	0.294282	0.201573
156.007065	794.603406	27320.000000	377.285644	0.294282	0.201573
155.840985	794.603238	28480.000000	377.285724	0.294282	0.202860
155.585976	794.603185	27430.000000	377.285749	0.294282	0.202860
155.005326	794.603139	27580.000000	377.285771	0.294282	0.201573
154.424319	794.603184	27000.000000	377.285750	0.294282	0.201573
154.720809	794.603214	28230.000000	377.285735	0.294282	0.201573
155.584927	794.603273	27760.000000	377.285707	0.294282	0.201573
153.471624	794.603420	28290.000000	377.285637	0.294282	0.201573
154.873087	794.603522	28280.000000	377.285589	0.294282	0.201573
153.890034	794.603764	28000.000000	377.285474	0.294282	0.201573
155.228052	794.603850	28570.000000	377.285433	0.294282	0.202860
153.734889	794.603955	27940.000000	377.285384	0.294282	0.201573
153.924832	794.604057	27320.000000	377.285335	0.294282	0.201573
155.216917	794.604118	27890.000000	377.285306	0.294282	0.201573
153.465955	794.604173	27290.000000	377.285280	0.294282	0.201573
154.555305	794.604228	29470.000000	377.285254	0.294282	0.201573
155.212066	794.604271	28110.000000	377.285234	0.294282	0.202860
155.098959	794.604398	27760.000000	377.285173	0.294282	0.201573
153.459931	794.604535	27890.000000	377.285108	0.294282	0.201573
154.106189	794.604680	27480.000000	377.285039	0.294282	0.201573
153.409408	794.604815	27750.000000	377.284975	0.294282	0.201573
155.643944	794.604954	27550.000000	377.284909	0.294282	0.201573
154.308412	794.605045	27140.000000	377.284866	0.292995	0.201573
154.988166	794.605110	28380.000000	377.284835	0.294282	0.202860
153.166271	794.605198	26780.000000	377.284794	0.294282	0.201573
151.423059	794.605318	27920.000000	377.284736	0.294282	0.201573
153.399831	794.605369	28620.000000	377.284712	0.294282	0.201573
154.688147	794.605595	28420.000000	377.284605	0.294282	0.201573
153.807856	794.605713	27830.000000	377.284549	0.294282	0.202860
155.211560	794.605830	26170.000000	377.284493	0.294282	0.201573
155.522967	794.605999	22260.000000	377.284413	0.294282	0.201573
155.500889	794.606099	26280.000000	377.284365	0.294282	0.202860
154.248225	794.606151	24570.000000	377.284341	0.294282	0.202860
155.137739	794.606233	24970.000000	377.284302	0.294282	0.201573
154.477987	794.606299	20210.000000	377.284271	0.294282	0.202860
155.329411	794.606358	19410.000000	377.284243	0.294282	0.202860
155.718999	794.606473	23300.000000	377.284188	0.294282	0.202860
154.663265	794.606593	26150.000000	377.284131	0.294282	0.202860
155.244734	794.606678	25170.000000	377.284091	0.294282	0.202860
155.221226	794.606952	22840.000000	377.283961	0.294282	0.202860
155.213722	794.607061	23030.000000	377.283909	0.294282	0.202860
157.941840	794.607175	26550.000000	377.283855	0.294282	0.202860
156.229036	794.607218	27060.000000	377.283834	0.294282	0.202860
155.762342	794.607277	27810.000000	377.283806	0.292995	0.202860
155.329180	794.607484	27350.000000	377.283708	0.294282	0.202860
155.359244	794.607542	27470.000000	377.283680	0.294282	0.202860
154.218234	794.607595	27760.000000	377.283655	0.294282	0.202860
154.467245	794.607769	27200.000000	377.283573	0.294282	0.204148
156.398739	794.607906	28800.000000	377.283507	0.294282	0.204148
154.080310	794.608092	28230.000000	377.283420	0.294282	0.202860
153.958736	794.608141	29520.000000	377.283396	0.294282	0.204148
156.870564	794.608222	28400.000000	377.283358	0.294282	0.202860
156.906848	794.608305	29320.000000	377.283318	0.292995	0.202860
155.557342	794.608363	29630.000000	377.283291	0.294282	0.204148
157.992357	794.608326	29100.000000	377.283308	0.294282	0.204148
155.025095	794.608241	28420.000000	377.283348	0.294282	0.204148
156.361962	794.608184	29330.000000	377.283376	0.292995	0.204148
155.896328	794.608100	29260.000000	377.283416	0.294282	0.204148
156.255146	794.608036	29110.000000	377.283446	0.294282	0.204148
154.088491	794.607906	29510.000000	377.283508	0.294282	0.204148
155.952934	794.607716	30080.000000	377.283598	0.294282	0.204148
157.688663	794.607627	28410.000000	377.283640	0.294282	0.204148
156.366775	794.607565	29420.000000	377.283669	0.294282	0.204148
156.010461	794.607511	28680.000000	377.283695	0.292995	0.204148
155.099935	794.607400	29070.000000	377.283748	0.292995	0.202860
154.868126	794.607223	29130.000000	377.283832	0.292995	0.204148
156.604791	794.607199	28190.000000	377.283843	0.292995	0.204148
155.046996	794.607130	28250.000000	377.283876	0.292995	0.204148
155.214019	794.606962	28250.000000	377.283956	0.292995	0.204148
155.209961	794.606791	25270.000000	377.284037	0.292995	0.204148
155.360072	794.606680	20040.000000	377.284090	0.292995	0.204148
155.512815	794.606577	26000.000000	377.284139	0.292995	0.204148
154.460298	794.606438	27210.000000	377.284205	0.292995	0.204148
156.266836	794.606340	26300.000000	377.284251	0.294282	0.204148
154.402278	794.606274	22610.000000	377.284283	0.294282	0.205435
154.567007	794.606205	16480.000000	377.284315	0.292995	0.205435
156.401722	794.606109	24570.000000	377.284361	0.292995	0.205435
154.783084	794.606063	27240.000000	377.284383	0.292995	0.204148
154.063406	794.605909	26770.000000	377.284456	0.292995	0.205435
153.680095	794.605722	21460.000000	377.284545	0.292995	0.204148
153.352360	794.605659	27480.000000	377.284575	0.294282	0.205435
154.827308	794.605466	27340.000000	377.284666	0.292995	0.205435
153.691493	794.605366	28270.000000	377.284714	0.292995	0.204148
155.852284	794.605311	28740.000000	377.284740	0.292995	0.205435
153.209289	794.605202	28740.000000	377.284792	0.294282	0.205435
155.124543	794.605095	29740.000000	377.284842	0.292995	0.205435
154.616688	794.605036	28560.000000	377.284870	0.294282	0.205435
153.598690	794.604827	27850.000000	377.284970	0.294282	0.205435
155.610499	794.604729	30200.000000	377.285016	0.294282	0.205435
155.238638	794.604565	27960.000000	377.285094	0.294282	0.205435
155.312279	794.604467	27920.000000	377.285141	0.292995	0.205435
154.884777	794.604381	27400.000000	377.285181	0.292995	0.205435
153.539648	794.604267	27240.000000	377.285236	0.292995	0.205435
153.833287	794.604228	28540.000000	377.285254	0.294282	0.205435
153.988064	794.604188	27380.000000	377.285273	0.292995	0.205435
153.161025	794.604069	27020.000000	377.285330	0.292995	0.205435
152.673874	794.603970	28950.000000	377.285376	0.294282	0.205435
153.008882	794.603788	29090.000000	377.285463	0.294282	0.205435
153.943720	794.603713	30320.000000	377.285498	0.294282	0.205435
152.865485	794.603509	29860.000000	377.285595	0.294282	0.205435
153.788162	794.603379	28760.000000	377.285657	0.292995	0.205435
152.426628	794.603244	30830.000000	377.285721	0.294282	0.205435
152.871950	794.603195	29380.000000	377.285744	0.294282	0.205435
152.686168	794.603141	29470.000000	377.285770	0.292995	0.206723
153.504896	794.603172	30720.000000	377.285755	0.292995	0.206723
152.718827	794.603228	29730.000000	377.285729	0.292995	0.206723
152.389853	794.603290	28980.000000	377.285699	0.292995	0.205435
153.039120	794.603403	31800.000000	377.285646	0.292995	0.206723
153.957229	794.603554	31180.000000	377.285574	0.292995	0.206723
153.685803	794.603758	30100.000000	377.285477	0.292995	0.208011
153.876319	794.603852	29990.000000	377.285433	0.292995	0.205435
153.826788	794.603968	30400.000000	377.285377	0.292995	0.205435
153.205816	794.604028	27240.000000	377.285349	0.292995	0.205435
153.742002	794.604130	30020.000000	377.285300	0.292995	0.205435
153.002067	794.604179	28840.000000	377.285277	0.292995	0.205435
153.250813	794.604217	29970.000000	377.285259	0.292995	0.205435
154.303048	794.604278	29730.000000	377.285230	0.292995	0.206723
151.497928	794.604357	26650.000000	377.285193	0.292995	0.205435
153.920721	794.604553	29210.000000	377.285100	0.292995	0.206723
153.977256	794.604700	27660.000000	377.285030	0.292995	0.205435
154.889659	794.604794	29380.000000	377.284985	0.292995	0.206723
153.059686	794.604966	27030.000000	377.284904	0.292995	0.206723
152.865304	794.605059	26710.000000	377.284859	0.292995	0.205435
153.204051	794.605106	27670.000000	377.284837	0.292995	0.206723
152.241147	794.605211	27850.000000	377.284788	0.294282	0.205435
152.724637	794.605300	28100.000000	377.284745	0.292995	0.205435
150.521480	794.605394	30360.000000	377.284700	0.292995	0.206723
152.091334	794.605630	29640.000000	377.284588	0.292995	0.205435
155.789460	794.605701	29370.000000	377.284555	0.292995	0.206723
155.789283	794.605912	27940.000000	377.284454	0.292995	0.205435
155.644197	794.606017	26220.000000	377.284404	0.292995	0.205435
156.114651	794.606066	29880.000000	377.284381	0.292995	0.205435
154.359526	794.606152	28520.000000	377.284341	0.292995	0.202860
155.117617	794.606218	25520.000000	377.284309	0.292995	0.202860
153.851492	794.606300	19420.000000	377.284270	0.292995	0.202860
156.160587	794.606361	26310.000000	377.284241	0.292995	0.202860
154.931533	794.606448	28350.000000	377.284200	0.292995	0.202860
153.968211	794.606622	29390.000000	377.284117	0.292995	0.204148
152.312603	794.606714	27880.000000	377.284073	0.292995	0.204148
154.839466	794.606889	22500.000000	377.283991	0.292995	0.204148
153.488726	794.607093	28940.000000	377.283894	0.294282	0.204148
155.888371	794.607171	31520.000000	377.283857	0.294282	0.204148
154.634837	794.607221	30340.000000	377.283833	0.292995	0.204148
154.204326	794.607279	32860.000000	377.283805	0.292995	0.204148
153.682046	794.607404	31620.000000	377.283746	0.292995	0.204148
154.421698	794.607557	32880.000000	377.283673	0.292995	0.204148
157.289394	794.607651	33810.000000	377.283629	0.292995	0.204148
157.858996	794.607741	34090.000000	377.283586	0.292995	0.204148
156.335071	794.607960	33710.000000	377.283482	0.292995	0.204148
155.421473	794.608029	33360.000000	377.283449	0.292995	0.202860
154.902111	794.608147	34370.000000	377.283393	0.292995	0.204148
154.998238	794.608188	33080.000000	377.283374	0.292995	0.204148
155.288349	794.608228	32310.000000	377.283355	0.292995	0.204148
156.302114	794.608282	31230.000000	377.283329	0.292995	0.204148
155.564468	794.608229	31040.000000	377.283354	0.292995	0.204148
156.241333	794.608175	32590.000000	377.283380	0.292995	0.204148
155.888505	794.608106	32050.000000	377.283413	0.292995	0.204148
156.891060	794.608085	32390.000000	377.283423	0.292995	0.204148
154.824705	794.608015	33220.000000	377.283456	0.292995	0.202860
154.208434	794.607887	33360.000000	377.283517	0.292995	0.204148
156.256513	794.607780	34420.000000	377.283567	0.292995	0.204148
156.451173	794.607601	35330.000000	377.283652	0.292995	0.202860
157.783322	794.607577	35220.000000	377.283664	0.292995	0.204148
156.405638	794.607510	36520.000000	377.283696	0.292995	0.204148
157.916190	794.607330	36910.000000	377.283781	0.292995	0.204148
152.785823	794.607242	36960.000000	377.283823	0.292995	0.202860
157.152666	794.607152	36230.000000	377.283866	0.292995	0.204148
155.019564	794.607095	36900.000000	377.283893	0.292995	0.204148
154.783744	794.607025	34560.000000	377.283926	0.292995	0.202860
154.708448	794.606822	34620.000000	377.284022	0.292995	0.202860
152.855880	794.606624	26910.000000	377.284116	0.292995	0.204148
155.223714	794.606564	25540.000000	377.284145	0.292995	0.202860
155.613230	794.606386	31320.000000	377.284229	0.292995	0.202860
154.780077	794.606320	31740.000000	377.284261	0.292995	0.204148
154.883368	794.606242	30990.000000	377.284298	0.292995	0.202860
153.619117	794.606178	27320.000000	377.284328	0.292995	0.204148
154.121784	794.606091	21890.000000	377.284369	0.292995	0.204148
155.329615	794.606027	24520.000000	377.284400	0.292995	0.202860
155.304023	794.605945	24640.000000	377.284439	0.292995	0.202860
154.684575	794.605761	24570.000000	377.284526	0.292995	0.204148
153.762033	794.605615	24300.000000	377.284596	0.292995	0.202860
155.216411	794.605564	25690.000000	377.284620	0.292995	0.202860
154.277935	794.605323	26750.000000	377.284734	0.292995	0.204148
154.026103	794.605259	26130.000000	377.284765	0.292995	0.202860
153.448102	794.605180	26870.000000	377.284802	0.292995	0.202860
154.988354	794.605044	27400.000000	377.284866	0.292995	0.202860
155.165309	794.604979	27430.000000	377.284898	0.292995	0.202860
154.551911	794.604892	25500.000000	377.284939	0.292995	0.202860
154.483472	794.604696	29250.000000	377.285032	0.292995	0.204148
155.666550	794.604623	26370.000000	377.285066	0.292995	0.202860
155.237975	794.604411	26220.000000	377.285167	0.292995	0.202860
155.576768	794.604318	27880.000000	377.285211	0.292995	0.202860
153.374819	794.604225	27540.000000	377.285256	0.292995	0.202860
153.978900	794.604164	28110.000000	377.285284	0.292995	0.202860
154.087361	794.604129	29230.000000	377.285301	0.292995	0.202860
153.820590	794.604073	30060.000000	377.285328	0.292995	0.202860
153.692711	794.603948	29100.000000	377.285387	0.292995	0.202860
154.975106	794.603837	30900.000000	377.285440	0.292995	0.202860
154.465050	794.603696	31640.000000	377.285506	0.292995	0.202860
153.414126	794.603507	31900.000000	377.285596	0.292995	0.202860
153.972378	794.603384	31280.000000	377.285655	0.292995	0.202860
153.449996	794.603217	32120.000000	377.285734	0.292995	0.202860
153.631366	794.603148	32800.000000	377.285767	0.292995	0.202860
154.128577	794.603112	33390.000000	377.285784	0.292995	0.202860
153.758021	794.603145	31840.000000	377.285768	0.292995	0.202860
154.258915	794.603191	35110.000000	377.285746	0.292995	0.202860
154.863497	794.603346	32630.000000	377.285673	0.292995	0.202860
153.180665	794.603403	34540.000000	377.285646	0.292995	0.202860
153.998923	794.603494	32590.000000	377.285602	0.292995	0.202860
153.550818	794.603750	32760.000000	377.285481	0.291707	0.202860
154.669242	794.603837	33870.000000	377.285440	0.292995	0.202860
153.931749	794.603949	34140.000000	377.285386	0.291707	0.202860
154.453250	794.604067	32430.000000	377.285331	0.291707	0.202860
154.034023	794.604142	31440.000000	377.285295	0.292995	0.202860
153.758057	794.604200	33560.000000	377.285267	0.292995	0.202860
154.576551	794.604240	32360.000000	377.285248	0.292995	0.202860
153.348797	794.604290	32950.000000	377.285225	0.292995	0.204148
153.058119	794.604383	34240.000000	377.285181	0.292995	0.202860
154.508278	794.604495	32680.000000	377.285127	0.292995	0.202860
154.824569	794.604676	31950.000000	377.285041	0.292995	0.202860
154.769799	794.604847	32100.000000	377.284960	0.292995	0.202860
153.898030	794.604963	32560.000000	377.284905	0.291707	0.202860
154.561297	794.605071	33590.000000	377.284854	0.292995	0.201573
153.827440	794.605130	34680.000000	377.284826	0.292995	0.202860
153.354065	794.605212	35510.000000	377.284787	0.292995	0.202860
154.101753	794.605316	34320.000000	377.284737	0.292995	0.202860
155.029153	794.605363	32510.000000	377.284715	0.292995	0.202860
154.038431	794.605546	33280.000000	377.284628	0.291707	0.202860
154.885188	794.605691	31210.000000	377.284559	0.292995	0.202860
154.650876	794.605817	28520.000000	377.284500	0.292995	0.202860
154.096019	794.606032	27020.000000	377.284398	0.292995	0.201573
153.619453	794.606103	29280.000000	377.284364	0.292995	0.202860
152.971141	794.606156	27360.000000	377.284339	0.292995	0.202860
153.513476	794.606228	23950.000000	377.284304	0.292995	0.202860
154.027292	794.606303	19060.000000	377.284269	0.292995	0.202860
155.235040	794.606342	26670.000000	377.284250	0.292995	0.202860
154.760668	794.606434	29240.000000	377.284207	0.292995	0.202860
154.791867	794.606607	28770.000000	377.284125	0.291707	0.202860
154.653604	794.606861	25560.000000	377.284004	0.291707	0.202860
153.578114	794.606968	25370.000000	377.283953	0.292995	0.202860
154.319898	794.607090	29090.000000	377.283895	0.292995	0.202860
153.668456	794.607161	30400.000000	377.283861	0.292995	0.202860
155.068595	794.607194	30030.000000	377.283846	0.292995	0.202860
153.147105	794.607247	30690.000000	377.283821	0.292995	0.201573
153.658263	794.607428	31400.000000	377.283735	0.292995	0.202860
156.593584	794.607539	32430.000000	377.283682	0.292995	0.202860
155.361716	794.607651	33440.000000	377.283629	0.292995	0.202860
153.764637	794.607803	32820.000000	377.283557	0.291707	0.202860
155.274098	794.607924	33780.000000	377.283499	0.291707	0.202860
156.239606	794.608109	33900.000000	377.283411	0.291707	0.202860
156.241225	794.608159	34780.000000	377.283388	0.292995	0.201573
156.196727	794.608190	35550.000000	377.283373	0.291707	0.202860
154.956730	794.608268	35030.000000	377.283336	0.291707	0.202860
155.981275	794.608358	35870.000000	377.283293	0.291707	0.202860
157.034799	794.608264	36220.000000	377.283338	0.291707	0.202860
153.705541	794.608212	35450.000000	377.283362	0.292995	0.202860
154.707349	794.608181	35310.000000	377.283377	0.291707	0.202860
156.238652	794.608135	33110.000000	377.283399	0.291707	0.202860
155.435052	794.608041	33340.000000	377.283444	0.292995	0.202860
154.561557	794.607890	32520.000000	377.283515	0.292995	0.202860
156.733274	794.607735	31780.000000	377.283589	0.291707	0.202860
155.174535	794.607623	30350.000000	377.283642	0.291707	0.202860
155.216976	794.607558	31480.000000	377.283673	0.291707	0.202860
154.788817	794.607510	30810.000000	377.283696	0.291707	0.202860
155.638391	794.607424	29980.000000	377.283737	0.291707	0.202860
154.964447	794.607238	29160.000000	377.283825	0.292995	0.202860
155.307712	794.607194	29380.000000	377.283846	0.291707	0.202860
154.061589	794.607144	29360.000000	377.283869	0.292995	0.202860
155.350592	794.606979	28350.000000	377.283948	0.292995	0.202860
155.395272	794.606800	25930.000000	377.284033	0.291707	0.202860
155.212715	794.606643	19140.000000	377.284108	0.292995	0.202860
155.833895	794.606570	24070.000000	377.284142	0.291707	0.202860
155.769174	794.606485	25980.000000	377.284182	0.291707	0.202860
155.492200	794.606340	25790.000000	377.284251	0.291707	0.202860
155.324989	794.606277	25600.000000	377.284281	0.291707	0.202860
155.540650	794.606214	24160.000000	377.284311	0.291707	0.202860
154.942344	794.606102	21390.000000	377.284364	0.291707	0.202860
155.323882	794.606037	22530.000000	377.284395	0.291707	0.202860
154.396663	794.605831	25270.000000	377.284493	0.291707	0.204148
153.371285	794.605731	23410.000000	377.284541	0.292995	0.204148
155.048935	794.605652	24900.000000	377.284578	0.291707	0.204148
153.009823	794.605561	25580.000000	377.284621	0.291707	0.204148
153.546703	794.605384	28590.000000	377.284705	0.291707	0.202860
153.248480	794.605298	30940.000000	377.284746	0.291707	0.202860
152.287346	794.605185	29630.000000	377.284800	0.291707	0.204148
153.650777	794.605110	31890.000000	377.284835	0.291707	0.202860
153.218897	794.604948	30190.000000	377.284912	0.291707	0.204148
154.141055	794.604842	30770.000000	377.284963	0.292995	0.202860
153.661475	794.604699	29930.000000	377.285031	0.291707	0.204148
153.945514	794.604595	29130.000000	377.285080	0.291707	0.204148
153.384896	794.604497	29180.000000	377.285126	0.291707	0.202860
152.785949	794.604373	28100.000000	377.285185	0.291707	0.204148
154.484664	794.604259	29320.000000	377.285239	0.291707	0.204148
154.284121	794.604207	28710.000000	377.285264	0.291707	0.202860
154.862832	794.604124	30010.000000	377.285303	0.291707	0.204148
155.250376	794.604060	30290.000000	377.285334	0.291707	0.204148
153.939142	794.603956	29370.000000	377.285383	0.291707	0.204148
153.105757	794.603746	29810.000000	377.285483	0.291707	0.204148
152.950019	794.603685	29050.000000	377.285512	0.292995	0.202860
154.501457	794.603535	28690.000000	377.285583	0.291707	0.204148
154.644183	794.603374	27730.000000	377.285659	0.291707	0.204148
154.123664	794.603282	27120.000000	377.285703	0.291707	0.204148
153.200432	794.603137	27540.000000	377.285772	0.291707	0.204148
153.125835	794.603098	25840.000000	377.285791	0.291707	0.204148
152.166802	794.603128	26300.000000	377.285776	0.291707	0.204148
152.457686	794.603231	25760.000000	377.285728	0.291707	0.204148
152.482849	794.603320	27430.000000	377.285685	0.291707	0.205435
154.730839	794.603405	26620.000000	377.285645	0.291707	0.201573
154.696171	794.603601	27110.000000	377.285552	0.291707	0.202860
154.301573	794.603706	28300.000000	377.285502	0.291707	0.201573
153.549661	794.603836	27000.000000	377.285440	0.291707	0.202860
153.976877	794.603974	29200.000000	377.285375	0.291707	0.202860
152.937426	794.604064	27420.000000	377.285332	0.291707	0.202860
154.512680	794.604114	27090.000000	377.285308	0.291707	0.202860
153.852156	794.604164	30000.000000	377.285284	0.291707	0.202860
152.781386	794.604233	29990.000000	377.285252	0.291707	0.202860
152.505572	794.604321	29120.000000	377.285210	0.291707	0.204148
152.946754	794.604371	29850.000000	377.285186	0.291707	0.202860
153.232949	794.604564	29440.000000	377.285094	0.291707	0.202860
154.087021	794.604621	28490.000000	377.285067	0.291707	0.202860
153.929854	794.604738	29690.000000	377.285012	0.291707	0.204148
154.385640	794.604936	28920.000000	377.284918	0.291707	0.204148
155.288326	794.605026	29250.000000	377.284875	0.291707	0.204148
154.422013	794.605074	29810.000000	377.284852	0.291707	0.204148
154.961725	794.605222	29680.000000	377.284782	0.291707	0.202860
154.176973	794.605276	29400.000000	377.284756	0.291707	0.204148
153.365601	794.605456	28040.000000	377.284671	0.291707	0.204148
152.825544	794.605575	29800.000000	377.284614	0.291707	0.202860
153.246898	794.605639	25560.000000	377.284584	0.290420	0.204148
153.192990	794.605774	25420.000000	377.284520	0.291707	0.204148
154.126571	794.605975	21440.000000	377.284425	0.291707	0.204148
153.368456	794.606039	21950.000000	377.284394	0.291707	0.204148
154.736390	794.606136	22760.000000	377.284348	0.291707	0.204148
154.049594	794.606213	21210.000000	377.284311	0.291707	0.204148
154.298605	794.606296	21510.000000	377.284272	0.291707	0.204148
155.497376	794.606359	20980.000000	377.284242	0.291707	0.204148
154.688447	794.606507	20400.000000	377.284172	0.291707	0.204148
155.352770	794.606582	21020.000000	377.284136	0.291707	0.204148
154.807885	794.606657	20240.000000	377.284101	0.291707	0.204148
155.065899	794.606812	20870.000000	377.284027	0.291707	0.205435
154.613411	794.607069	18370.000000	377.283905	0.291707	0.204148
155.594202	794.607116	22120.000000	377.283883	0.291707	0.204148
154.635161	794.607218	23340.000000	377.283834	0.290420	0.204148
155.055414	794.607313	23630.000000	377.283789	0.291707	0.204148
154.551177	794.607403	26550.000000	377.283746	0.291707	0.205435
155.539511	794.607562	25120.000000	377.283671	0.291707	0.206723
154.133071	794.607595	27000.000000	377.283656	0.291707	0.205435
154.679917	794.607685	24750.000000	377.283613	0.291707	0.206723
155.902608	794.607859	28940.000000	377.283530	0.291707	0.206723
154.745405	794.608029	26700.000000	377.283449	0.291707	0.208011
155.277600	794.608130	26340.000000	377.283401	0.291707	0.208011
155.051863	794.608193	26010.000000	377.283371	0.291707	0.209298
155.571666	794.608286	28520.000000	377.283327	0.291707	0.209298
155.567275	794.608369	27360.000000	377.283288	0.291707	0.209298
155.189226	794.608313	27330.000000	377.283314	0.291707	0.209298
154.853570	794.608215	28490.000000	377.283361	0.291707	0.209298
155.518409	794.608137	28710.000000	377.283398	0.291707	0.210586
154.879016	794.608089	28380.000000	377.283421	0.291707	0.210586
154.002391	794.607969	27830.000000	377.283478	0.291707	0.210586
155.442296	794.607813	27110.000000	377.283552	0.291707	0.210586
154.983227	794.607747	27560.000000	377.283583	0.291707	0.210586
154.394929	794.607599	26890.000000	377.283653	0.291707	0.211874
155.933115	794.607532	27480.000000	377.283685	0.291707	0.211874
154.675724	794.607458	23350.000000	377.283721	0.291707	0.210586
153.822088	794.607373	23690.000000	377.283761	0.291707	0.210586
155.656789	794.607246	27360.000000	377.283821	0.291707	0.211874
152.845706	794.607139	24020.000000	377.283872	0.291707	0.211874
153.568238	794.607118	23360.000000	377.283882	0.291707	0.211874
155.208026	794.607016	22190.000000	377.283930	0.291707	0.213161
153.598468	794.606759	16010.000000	377.284052	0.291707	0.211874
151.440745	794.606615	19280.000000	377.284121	0.291707	0.214449
154.250272	794.606526	22760.000000	377.284163	0.291707	0.211874
155.201462	794.606437	22050.000000	377.284205	0.291707	0.211874
155.648593	794.606318	18310.000000	377.284262	0.291707	0.211874
153.638929	794.606238	17600.000000	377.284300	0.291707	0.211874
154.374141	794.606190	22610.000000	377.284323	0.291707	0.213161
154.196972	794.606125	23810.000000	377.284353	0.291707	0.214449
155.937495	794.606015	25580.000000	377.284406	0.291707	0.214449
156.206748	794.605896	24840.000000	377.284462	0.290420	0.213161
153.479589	794.605658	20740.000000	377.284575	0.290420	0.214449
153.074574	794.605612	25960.000000	377.284597	0.290420	0.214449
154.251890	794.605556	26220.000000	377.284623	0.291707	0.214449
153.190673	794.605314	26570.000000	377.284738	0.291707	0.215737
154.247425	794.605241	26580.000000	377.284773	0.291707	0.215737
153.734662	794.605174	25630.000000	377.284805	0.291707	0.215737
154.334773	794.605047	24100.000000	377.284865	0.291707	0.215737
153.665800	794.604972	26780.000000	377.284901	0.291707	0.215737
154.384266	794.604804	23380.000000	377.284981	0.291707	0.215737
151.296054	794.604676	24600.000000	377.285041	0.291707	0.215737
152.238112	794.604609	22470.000000	377.285073	0.291707	0.215737
153.042313	794.604419	21220.000000	377.285163	0.291707	0.215737
155.118351	794.604345	20160.000000	377.285199	0.291707	0.215737
155.492268	794.604229	21080.000000	377.285253	0.291707	0.217024
150.143737	794.604156	21710.000000	377.285288	0.291707	0.215737
154.059029	794.604118	21610.000000	377.285306	0.291707	0.217024
150.471462	794.604050	22330.000000	377.285338	0.291707	0.215737
153.397599	794.603902	22460.000000	377.285409	0.291707	0.217024
153.410991	794.603787	22820.000000	377.285464	0.291707	0.217024
152.602323	794.603601	22370.000000	377.285552	0.291707	0.217024
153.528782	794.603463	23330.000000	377.285617	0.291707	0.217024
153.644681	794.603368	23920.000000	377.285662	0.291707	0.217024
151.701767	794.603194	24600.000000	377.285745	0.291707	0.217024
152.865428	794.603140	24700.000000	377.285770	0.291707	0.217024
151.737359	794.603086	25360.000000	377.285796	0.291707	0.217024
153.697250	794.603135	25580.000000	377.285773	0.291707	0.217024
152.637265	794.603166	24600.000000	377.285758	0.291707	0.217024
153.295017	794.603257	25730.000000	377.285715	0.291707	0.217024
151.816698	794.603368	26390.000000	377.285662	0.291707	0.217024
152.227484	794.603509	21820.000000	377.285595	0.291707	0.217024
151.867032	794.603698	22820.000000	377.285506	0.290420	0.217024
153.679953	794.603790	21860.000000	377.285462	0.290420	0.217024
154.534824	794.603933	21880.000000	377.285394	0.290420	0.218312
152.340326	794.604050	22290.000000	377.285339	0.291707	0.218312
153.708093	794.604094	23660.000000	377.285318	0.290420	0.218312
154.319183	794.604148	23370.000000	377.285292	0.290420	0.218312
154.598053	794.604199	25390.000000	377.285268	0.290420	0.217024
151.924386	794.604258	24610.000000	377.285240	0.291707	0.217024
154.255364	794.604358	26710.000000	377.285192	0.291707	0.218312
154.794592	794.604501	26480.000000	377.285124	0.290420	0.218312
154.686600	794.604644	27230.000000	377.285056	0.291707	0.218312
153.708287	794.604776	25720.000000	377.284994	0.291707	0.218312
154.078430	794.604887	24020.000000	377.284941	0.291707	0.218312
152.783978	794.605001	23730.000000	377.284887	0.290420	0.218312
151.762290	794.605060	23140.000000	377.284859	0.291707	0.217024
152.071478	794.605156	23280.000000	377.284813	0.290420	0.218312
154.866464	794.605252	23780.000000	377.284768	0.291707	0.218312
154.843860	794.605330	24070.000000	377.284731	0.291707	0.218312
155.797933	794.605487	23800.000000	377.284656	0.291707	0.218312
155.962802	794.605667	25110.000000	377.284571	0.291707	0.218312
153.269326	794.605743	24120.000000	377.284535	0.290420	0.218312
153.196610	794.605972	21510.000000	377.284426	0.290420	0.218312
152.902747	794.606027	22950.000000	377.284400	0.291707	0.218312
156.166727	794.606094	24150.000000	377.284368	0.290420	0.218312
156.058777	794.606186	24360.000000	377.284324	0.291707	0.218312
155.125205	794.606238	23660.000000	377.284300	0.290420	0.218312
154.725340	794.606314	20680.000000	377.284264	0.290420	0.218312
155.299481	794.606429	15300.000000	377.284209	0.290420	0.218312
155.970194	794.606543	24030.000000	377.284155	0.290420	0.218312
155.497852	794.606701	24520.000000	377.284080	0.290420	0.218312
154.299777	794.606915	19260.000000	377.283978	0.291707	0.218312
154.781415	794.607033	19630.000000	377.283922	0.291707	0.218312
154.106268	794.607130	23660.000000	377.283876	0.290420	0.219599
153.088065	794.607173	25050.000000	377.283856	0.290420	0.218312
152.771494	794.607248	25450.000000	377.283820	0.291707	0.218312
155.572094	794.607387	26080.000000	377.283754	0.290420	0.218312
153.530041	794.607497	25880.000000	377.283702	0.290420	0.218312
155.891490	794.607591	25730.000000	377.283657	0.290420	0.219599
154.389010	794.607737	26880.000000	377.283588	0.291707	0.218312
154.269380	794.607854	27200.000000	377.283532	0.291707	0.219599
155.755084	794.608043	26670.000000	377.283443	0.291707	0.219599
155.416475	794.608109	27990.000000	377.283411	0.290420	0.218312
154.351196	794.608177	26890.000000	377.283379	0.290420	0.218312
156.269196	794.608268	27270.000000	377.283336	0.290420	0.218312
154.921184	794.608331	26500.000000	377.283306	0.290420	0.218312
154.723205	794.608254	25510.000000	377.283343	0.290420	0.218312
155.030660	794.608194	26340.000000	377.283371	0.290420	0.218312
155.639766	794.608133	25940.000000	377.283400	0.291707	0.219599
155.247445	794.608072	26060.000000	377.283429	0.290420	0.219599
154.868673	794.607986	25610.000000	377.283470	0.290420	0.219599
155.127621	794.607797	25850.000000	377.283560	0.291707	0.218312
153.910978	794.607695	25240.000000	377.283608	0.291707	0.219599
154.110879	794.607578	25250.000000	377.283663	0.290420	0.218312
154.838519	794.607509	25230.000000	377.283696	0.290420	0.219599
155.172802	794.607451	25000.000000	377.283724	0.290420	0.219599
155.484301	794.607320	24790.000000	377.283786	0.291707	0.219599
154.812380	794.607210	24780.000000	377.283838	0.290420	0.219599
155.050567	794.607160	22730.000000	377.283862	0.290420	0.219599
154.930568	794.607045	23770.000000	377.283916	0.290420	0.219599
155.650389	794.606929	21460.000000	377.283971	0.290420	0.218312
154.894254	794.606740	14970.000000	377.284061	0.290420	0.218312
154.900735	794.606611	20320.000000	377.284123	0.290420	0.219599
154.341082	794.606523	22550.000000	377.284164	0.290420	0.218312
154.067782	794.606459	19850.000000	377.284195	0.290420	0.218312
154.579279	794.606314	19170.000000	377.284264	0.290420	0.219599
153.887249	794.606223	17910.000000	377.284307	0.290420	0.218312
154.723266	794.606139	22680.000000	377.284347	0.290420	0.218312
153.944403	794.606062	23030.000000	377.284383	0.290420	0.218312
154.400641	794.605971	21930.000000	377.284426	0.291707	0.218312
154.455302	794.605779	17400.000000	377.284518	0.290420	0.218312
153.732680	794.605688	21940.000000	377.284561	0.290420	0.218312
155.714622	794.605630	23910.000000	377.284588	0.290420	0.218312
153.894890	794.605573	22650.000000	377.284616	0.290420	0.218312
154.868520	794.605429	24990.000000	377.284684	0.290420	0.217024
154.644134	794.605267	23310.000000	377.284761	0.290420	0.217024
153.380101	794.605139	23430.000000	377.284821	0.290420	0.217024
153.464783	794.605065	23640.000000	377.284857	0.290420	0.218312
154.083233	794.604935	23920.000000	377.284918	0.290420	0.218312
154.229387	794.604804	22470.000000	377.284981	0.290420	0.218312
153.571974	794.604678	23430.000000	377.285040	0.290420	0.218312
153.938390	794.604535	23910.000000	377.285108	0.290420	0.218312
154.079979	794.604406	22660.000000	377.285169	0.290420	0.218312
152.161511	794.604265	22980.000000	377.285236	0.290420	0.218312
152.559762	794.604211	23570.000000	377.285262	0.290420	0.218312
153.057088	794.604163	23050.000000	377.285285	0.290420	0.218312
152.093871	794.604079	23120.000000	377.285325	0.290420	0.218312
152.195840	794.604023	23880.000000	377.285351	0.290420	0.218312
152.234749	794.603905	23160.000000	377.285408	0.290420	0.218312
153.473035	794.603724	23790.000000	377.285493	0.290420	0.219599
153.615329	794.603657	24260.000000	377.285525	0.290420	0.218312
153.132611	794.603450	23150.000000	377.285623	0.290420	0.218312
153.503669	794.603369	23920.000000	377.285662	0.290420	0.218312
152.541337	794.603256	21750.000000	377.285716	0.290420	0.218312
153.724712	794.603134	23110.000000	377.285773	0.290420	0.218312
151.258555	794.603077	23340.000000	377.285801	0.290420	0.219599
151.603003	794.603115	21870.000000	377.285783	0.290420	0.219599
153.890360	794.603198	22080.000000	377.285743	0.290420	0.218312
152.002639	794.603291	22330.000000	377.285699	0.290420	0.218312
153.798572	794.603399	22600.000000	377.285648	0.290420	0.219599
153.627021	794.603475	22770.000000	377.285612	0.290420	0.218312
153.794628	794.603637	23340.000000	377.285535	0.290420	0.219599
152.542302	794.603747	22000.000000	377.285482	0.290420	0.218312
152.637318	794.603932	22080.000000	377.285395	0.290420	0.218312
152.522236	794.604024	21780.000000	377.285351	0.290420	0.218312
153.822059	794.604085	21870.000000	377.285322	0.290420	0.218312
152.178777	794.604118	23020.000000	377.285306	0.290420	0.218312
154.321314	794.604228	22000.000000	377.285254	0.290420	0.218312
153.786032	794.604276	20940.000000	377.285231	0.290420	0.218312
154.334623	794.604342	22560.000000	377.285200	0.290420	0.218312
151.702452	794.604535	21690.000000	377.285108	0.290420	0.218312
152.626374	794.604583	20960.000000	377.285086	0.290420	0.218312
153.376911	794.604703	22570.000000	377.285029	0.290420	0.218312
153.217903	794.604901	22230.000000	377.284935	0.290420	0.218312
154.102452	794.605014	21440.000000	377.284881	0.290420	0.217024
155.077465	794.605098	21530.000000	377.284841	0.290420	0.217024
153.799750	794.605205	21450.000000	377.284790	0.290420	0.218312
152.785608	794.605264	21860.000000	377.284762	0.290420	0.218312
153.468107	794.605416	21030.000000	377.284690	0.290420	0.218312
153.415134	794.605544	22540.000000	377.284629	0.290420	0.217024
153.029375	794.605609	21540.000000	377.284598	0.290420	0.218312
152.990141	794.605789	21630.000000	377.284513	0.290420	0.217024
153.968780	794.605951	18680.000000	377.284436	0.290420	0.217024
154.366123	794.606031	13920.000000	377.284398	0.290420	0.218312
154.114027	794.606128	18720.000000	377.284352	0.290420	0.218312
153.990020	794.606183	20210.000000	377.284326	0.290420	0.217024
154.523274	794.606259	19710.000000	377.284290	0.289132	0.217024
154.551429	794.606355	20230.000000	377.284244	0.290420	0.217024
156.329036	794.606488	15120.000000	377.284181	0.290420	0.217024
154.934187	794.606553	17200.000000	377.284150	0.290420	0.217024
156.402633	794.606633	19130.000000	377.284112	0.289132	0.217024
156.856975	794.606854	19360.000000	377.284007	0.290420	0.217024
155.829645	794.607043	16010.000000	377.283917	0.290420	0.217024
154.610601	794.607090	18330.000000	377.283895	0.289132	0.217024
154.863176	794.607194	19390.000000	377.283846	0.290420	0.217024
156.035128	794.607310	20080.000000	377.283791	0.290420	0.217024
154.989656	794.607399	21330.000000	377.283748	0.290420	0.217024
154.695236	794.607537	21780.000000	377.283683	0.290420	0.217024
153.840646	794.607588	22200.000000	377.283659	0.290420	0.215737
154.312267	794.607714	23180.000000	377.283599	0.290420	0.217024
154.059740	794.607845	24000.000000	377.283537	0.290420	0.215737
155.622948	794.607980	22630.000000	377.283473	0.290420	0.215737
153.471893	794.608110	23590.000000	377.283411	0.290420	0.215737
154.081956	794.608157	22760.000000	377.283388	0.290420	0.215737
153.583210	794.608235	23600.000000	377.283352	0.290420	0.217024
153.378007	794.608364	23790.000000	377.283290	0.290420	0.215737
152.750044	794.608263	24290.000000	377.283338	0.289132	0.215737
153.398350	794.608180	23960.000000	377.283378	0.290420	0.215737
153.498767	794.608137	24890.000000	377.283398	0.289132	0.215737
154.294257	794.608079	24130.000000	377.283426	0.290420	0.215737
154.018980	794.607907	25850.000000	377.283507	0.290420	0.215737
154.908655	794.607826	24970.000000	377.283545	0.289132	0.215737
154.222918	794.607712	26870.000000	377.283600	0.289132	0.214449
153.256311	794.607607	24830.000000	377.283650	0.290420	0.215737
154.224385	794.607548	26440.000000	377.283677	0.289132	0.215737
153.820159	794.607454	26150.000000	377.283722	0.290420	0.215737
153.435625	794.607355	26630.000000	377.283769	0.289132	0.214449
153.328333	794.607251	26710.000000	377.283819	0.289132	0.214449
153.981141	794.607144	26350.000000	377.283869	0.290420	0.214449
153.803841	794.607080	26740.000000	377.283900	0.289132	0.214449
153.569026	794.606900	23230.000000	377.283985	0.290420	0.214449
154.327812	794.606741	21720.000000	377.284061	0.290420	0.214449
153.329858	794.606614	19750.000000	377.284121	0.290420	0.214449
153.580616	794.606532	23370.000000	377.284160	0.289132	0.213161
154.171633	794.606416	23390.000000	377.284215	0.289132	0.213161
153.957320	794.606327	22290.000000	377.284257	0.289132	0.209298
153.273836	794.606250	22110.000000	377.284294	0.289132	0.209298
153.893103	794.606181	20970.000000	377.284327	0.289132	0.210586
153.832863	794.606058	20190.000000	377.284385	0.290420	0.209298
155.061076	794.606008	23250.000000	377.284409	0.289132	0.208011
154.239134	794.605824	22750.000000	377.284496	0.289132	0.208011
154.060864	794.605678	20940.000000	377.284565	0.290420	0.208011
152.743251	794.605608	23770.000000	377.284599	0.289132	0.206723
154.823272	794.605565	28370.000000	377.284619	0.290420	0.206723
153.160952	794.605326	26510.000000	377.284733	0.289132	0.205435
152.942252	794.605254	26210.000000	377.284767	0.289132	0.205435
153.490444	794.605140	27370.000000	377.284821	0.289132	0.206723
153.302833	794.605033	28050.000000	377.284872	0.289132	0.205435
152.527757	794.604936	26250.000000	377.284918	0.290420	0.205435
152.900865	794.604732	27310.000000	377.285015	0.290420	0.205435
154.203415	794.604666	29820.000000	377.285046	0.289132	0.205435
154.448571	794.604593	27570.000000	377.285081	0.290420	0.204148
154.424117	794.604421	27550.000000	377.285162	0.290420	0.204148
153.471631	794.604343	27900.000000	377.285199	0.289132	0.204148
153.811028	794.604222	28370.000000	377.285257	0.289132	0.204148
153.566477	794.604178	27420.000000	377.285278	0.290420	0.204148
154.283386	794.604138	28010.000000	377.285297	0.290420	0.204148
153.937326	794.604025	28670.000000	377.285351	0.290420	0.202860
152.162723	794.603886	28760.000000	377.285416	0.290420	0.204148
152.823165	794.603770	29540.000000	377.285471	0.289132	0.202860
153.433579	794.603616	29100.000000	377.285545	0.289132	0.202860
153.055402	794.603453	29250.000000	377.285622	0.290420	0.202860
153.381774	794.603327	27770.000000	377.285682	0.289132	0.202860
154.017549	794.603206	29470.000000	377.285739	0.289132	0.201573
153.027835	794.603141	28200.000000	377.285770	0.290420	0.202860
153.057268	794.603103	29080.000000	377.285788	0.289132	0.201573
152.298267	794.603130	28950.000000	377.285775	0.289132	0.201573
152.656120	794.603171	29680.000000	377.285756	0.289132	0.201573
154.095423	794.603297	30250.000000	377.285696	0.289132	0.202860
154.450840	794.603392	28760.000000	377.285651	0.289132	0.201573
154.451886	794.603518	30390.000000	377.285591	0.289132	0.201573
154.580634	794.603688	32030.000000	377.285511	0.289132	0.201573
155.817673	794.603746	30850.000000	377.285483	0.289132	0.200285
155.619620	794.603920	33710.000000	377.285400	0.289132	0.201573
154.539886	794.604012	34160.000000	377.285357	0.289132	0.200285
155.429982	794.604089	31590.000000	377.285320	0.289132	0.201573
156.791978	794.604169	33240.000000	377.285282	0.289132	0.200285
155.419607	794.604206	35010.000000	377.285264	0.289132	0.201573
155.406316	794.604292	33210.000000	377.285224	0.289132	0.201573
154.682890	794.604357	34930.000000	377.285193	0.289132	0.200285
154.567503	794.604496	35470.000000	377.285127	0.289132	0.201573
152.632861	794.604626	34000.000000	377.285065	0.289132	0.201573
156.004223	794.604755	35260.000000	377.285004	0.289132	0.200285
153.209943	794.604847	34730.000000	377.284960	0.289132	0.201573
155.299304	794.605026	33050.000000	377.284875	0.289132	0.200285
152.229821	794.605098	34360.000000	377.284841	0.289132	0.201573
152.786441	794.605216	35530.000000	377.284785	0.289132	0.200285
152.034967	794.605295	34650.000000	377.284747	0.289132	0.201573
152.301757	794.605357	33560.000000	377.284718	0.289132	0.201573
154.985375	794.605601	31720.000000	377.284602	0.289132	0.200285
152.941255	794.605659	33310.000000	377.284574	0.289132	0.201573
155.602896	794.605711	30070.000000	377.284550	0.289132	0.200285
155.740567	794.605965	25570.000000	377.284429	0.289132	0.200285
155.532951	794.606029	30740.000000	377.284399	0.289132	0.200285
155.585570	794.606153	30470.000000	377.284340	0.289132	0.200285
155.568236	794.606210	20660.000000	377.284313	0.289132	0.200285
155.737800	794.606263	24740.000000	377.284288	0.289132	0.200285
156.625876	794.606343	29130.000000	377.284250	0.289132	0.200285
156.158582	794.606461	31940.000000	377.284194	0.290420	0.200285
156.662568	794.606555	29110.000000	377.284149	0.289132	0.200285
154.928468	794.606679	25270.000000	377.284090	0.289132	0.198997
154.288720	794.606842	19070.000000	377.284013	0.289132	0.198997
154.290484	794.607078	24060.000000	377.283901	0.289132	0.200285
153.424855	794.607136	27030.000000	377.283873	0.289132	0.200285
155.130292	794.607195	29640.000000	377.283845	0.289132	0.200285
154.561480	794.607296	28240.000000	377.283797	0.289132	0.200285
154.098554	794.607426	28980.000000	377.283736	0.289132	0.198997
155.024060	794.607533	30290.000000	377.283685	0.289132	0.200285
155.050379	794.607608	29060.000000	377.283649	0.289132	0.198997
156.616750	794.607691	32660.000000	377.283610	0.289132	0.200285
155.056603	794.607894	31540.000000	377.283513	0.289132	0.200285
155.258370	794.608045	32260.000000	377.283442	0.289132	0.198997
155.872498	794.608129	30770.000000	377.283402	0.289132	0.200285
155.465822	794.608191	30710.000000	377.283372	0.289132	0.197710
155.711484	794.608300	30460.000000	377.283321	0.289132	0.198997
156.945192	794.608373	31530.000000	377.283286	0.289132	0.198997
155.759199	794.608295	31620.000000	377.283323	0.289132	0.198997
155.085658	794.608231	31280.000000	377.283353	0.289132	0.198997
156.153183	794.608144	29230.000000	377.283395	0.289132	0.198997
155.759373	794.608104	28810.000000	377.283414	0.289132	0.204148
154.964376	794.607976	29320.000000	377.283474	0.289132	0.202860
156.183011	794.607813	30530.000000	377.283552	0.289132	0.201573
155.526450	794.607723	29780.000000	377.283595	0.289132	0.201573
155.662087	794.607618	29640.000000	377.283645	0.289132	0.201573
155.438864	794.607546	28910.000000	377.283679	0.289132	0.200285
154.810717	794.607515	28410.000000	377.283693	0.289132	0.201573
154.335204	794.607359	28750.000000	377.283768	0.289132	0.201573
155.392035	794.607245	29720.000000	377.283822	0.289132	0.200285
154.039357	794.607198	26220.000000	377.283844	0.289132	0.200285
153.945735	794.607049	27460.000000	377.283915	0.289132	0.200285
155.449757	794.606941	25000.000000	377.283966	0.289132	0.200285
154.998465	794.606768	21130.000000	377.284048	0.289132	0.198997
154.182493	794.606626	22110.000000	377.284116	0.289132	0.200285
155.044646	794.606553	20470.000000	377.284150	0.289132	0.198997
153.487760	794.606432	24200.000000	377.284207	0.289132	0.200285
154.428522	794.606313	22790.000000	377.284264	0.289132	0.200285
153.857284	794.606247	20630.000000	377.284295	0.289132	0.200285
153.499670	794.606169	23700.000000	377.284333	0.289132	0.200285
153.124895	794.606079	23980.000000	377.284375	0.287844	0.200285
153.877792	794.606015	23560.000000	377.284406	0.289132	0.198997
154.381988	794.605805	23010.000000	377.284505	0.289132	0.198997
154.663658	794.605689	22620.000000	377.284560	0.289132	0.198997
154.482176	794.605622	24790.000000	377.284592	0.289132	0.198997
153.679757	794.605551	24520.000000	377.284626	0.289132	0.198997
153.140602	794.605377	25610.000000	377.284708	0.289132	0.198997
153.035424	794.605283	27590.000000	377.284753	0.289132	0.198997
153.884292	794.605172	26370.000000	377.284806	0.289132	0.198997
154.013013	794.605078	24680.000000	377.284851	0.287844	0.197710
154.060870	794.604912	25930.000000	377.284929	0.289132	0.197710
154.442799	794.604819	26530.000000	377.284974	0.289132	0.198997
155.025154	794.604661	27930.000000	377.285048	0.289132	0.198997
153.960894	794.604582	27370.000000	377.285086	0.287844	0.198997
154.814025	794.604465	27220.000000	377.285141	0.289132	0.198997
153.450015	794.604332	27040.000000	377.285205	0.289132	0.197710
154.753084	794.604267	28450.000000	377.285235	0.289132	0.197710
153.590524	794.604213	28030.000000	377.285261	0.289132	0.198997
155.044769	794.604129	28300.000000	377.285301	0.289132	0.198997
154.484212	794.604062	27200.000000	377.285333	0.289132	0.198997
155.073212	794.603856	26380.000000	377.285430	0.289132	0.198997
153.113915	794.603770	28210.000000	377.285471	0.289132	0.198997
154.564582	794.603665	28850.000000	377.285521	0.289132	0.200285
153.403208	794.603459	29280.000000	377.285619	0.289132	0.198997
152.173302	794.603348	27530.000000	377.285672	0.289132	0.198997
154.089338	794.603236	23650.000000	377.285725	0.289132	0.198997
151.350121	794.603132	25430.000000	377.285774	0.289132	0.198997
152.993456	794.603081	24700.000000	377.285799	0.289132	0.198997
152.142050	794.603126	25710.000000	377.285777	0.287844	0.198997
152.706787	794.603192	24020.000000	377.285746	0.289132	0.198997
152.997789	794.603264	25470.000000	377.285712	0.289132	0.198997
153.479220	794.603385	26340.000000	377.285654	0.289132	0.200285
153.557218	794.603513	26530.000000	377.285593	0.289132	0.198997
152.879769	794.603694	25590.000000	377.285507	0.289132	0.198997
154.174204	794.603818	26150.000000	377.285449	0.289132	0.200285
154.109597	794.603905	26950.000000	377.285408	0.289132	0.198997
153.748968	794.604071	26680.000000	377.285328	0.289132	0.200285
154.015546	794.604124	26240.000000	377.285304	0.289132	0.200285
155.851336	794.604152	26880.000000	377.285290	0.287844	0.200285
154.373166	794.604202	26640.000000	377.285266	0.289132	0.200285
153.599959	794.604262	26320.000000	377.285238	0.289132	0.200285
154.377627	794.604348	25440.000000	377.285197	0.289132	0.200285
153.297007	794.604509	26620.000000	377.285120	0.289132	0.200285
155.524421	794.604638	27330.000000	377.285059	0.289132	0.200285
154.832983	794.604792	27030.000000	377.284986	0.287844	0.200285
153.918325	794.604921	26020.000000	377.284925	0.289132	0.200285
153.824923	794.605008	27830.000000	377.284884	0.289132	0.200285
153.844012	794.605097	26590.000000	377.284841	0.289132	0.200285
154.016205	794.605201	27350.000000	377.284792	0.289132	0.200285
154.740532	794.605277	29060.000000	377.284756	0.287844	0.200285
152.032592	794.605370	28620.000000	377.284712	0.289132	0.200285
154.830212	794.605592	29180.000000	377.284606	0.289132	0.200285
153.140898	794.605710	27260.000000	377.284550	0.289132	0.200285
153.109481	794.605875	25210.000000	377.284472	0.289132	0.201573
153.536392	794.605983	27080.000000	377.284421	0.289132	0.200285
153.015874	794.606072	28040.000000	377.284378	0.289132	0.201573
153.835850	794.606130	23590.000000	377.284351	0.289132	0.200285
154.459075	794.606179	19150.000000	377.284328	0.289132	0.201573
155.245553	794.606256	24340.000000	377.284291	0.287844	0.201573
156.569747	794.606314	28010.000000	377.284264	0.287844	0.200285
155.379260	794.606492	28660.000000	377.284179	0.287844	0.201573
155.780508	794.606594	26740.000000	377.284131	0.287844	0.201573
155.673757	794.606736	23620.000000	377.284063	0.289132	0.201573
154.340282	794.606944	22810.000000	377.283965	0.287844	0.201573
155.736978	794.607066	24540.000000	377.283907	0.287844	0.201573
154.794086	794.607127	29410.000000	377.283878	0.287844	0.201573
154.466536	794.607188	27080.000000	377.283848	0.289132	0.201573
154.239976	794.607281	28170.000000	377.283805	0.289132	0.201573
153.552073	794.607440	28020.000000	377.283729	0.289132	0.201573
154.403632	794.607530	26330.000000	377.283686	0.287844	0.201573
154.553777	794.607599	27610.000000	377.283653	0.287844	0.202860
154.842608	794.607748	29440.000000	377.283583	0.287844	0.201573
156.087055	794.607909	27610.000000	377.283506	0.287844	0.201573
153.894382	794.608001	26600.000000	377.283462	0.287844	0.201573
156.899560	794.608155	27670.000000	377.283389	0.287844	0.201573
155.527330	794.608195	25050.000000	377.283370	0.287844	0.201573
155.915904	794.608266	26280.000000	377.283337	0.289132	0.201573
156.632853	794.608338	27510.000000	377.283302	0.287844	0.202860
154.860943	794.608278	25890.000000	377.283331	0.287844	0.202860
155.050486	794.608216	27140.000000	377.283360	0.287844	0.202860
155.843145	794.608181	27770.000000	377.283377	0.287844	0.202860
155.935002	794.608129	27170.000000	377.283402	0.289132	0.201573
156.178408	794.607979	26080.000000	377.283473	0.289132	0.202860
155.498676	794.607859	26980.000000	377.283530	0.287844	0.201573
156.053312	794.607715	27750.000000	377.283599	0.287844	0.202860
154.621221	794.607639	27970.000000	377.283635	0.287844	0.202860
154.748392	794.607573	27280.000000	377.283666	0.287844	0.202860
155.681114	794.607492	28100.000000	377.283704	0.287844	0.202860
155.740971	794.607419	28940.000000	377.283739	0.287844	0.204148
153.687961	794.607266	27080.000000	377.283812	0.287844	0.202860
152.860792	794.607184	27200.000000	377.283850	0.287844	0.205435
154.714579	794.607135	27330.000000	377.283874	0.287844	0.204148
155.341004	794.606957	25460.000000	377.283958	0.287844	0.205435
154.371879	794.606795	23360.000000	377.284035	0.287844	0.205435
154.563467	794.606674	19010.000000	377.284093	0.287844	0.205435
155.342492	794.606565	24830.000000	377.284144	0.287844	0.205435
154.712202	794.606459	26100.000000	377.284195	0.287844	0.205435
154.720050	794.606328	23570.000000	377.284257	0.289132	0.206723
155.768997	794.606263	18150.000000	377.284288	0.287844	0.205435
155.172141	794.606191	18070.000000	377.284322	0.287844	0.205435
154.612506	794.606090	23750.000000	377.284370	0.287844	0.206723
154.317026	794.606023	25770.000000	377.284402	0.287844	0.205435
154.885435	794.605891	24700.000000	377.284464	0.287844	0.205435
154.643017	794.605716	22050.000000	377.284548	0.287844	0.206723
153.698169	794.605649	24110.000000	377.284579	0.287844	0.206723
152.945947	794.605546	26810.000000	377.284628	0.287844	0.206723
153.139687	794.605363	26860.000000	377.284715	0.289132	0.209298
153.876750	794.605313	26880.000000	377.284739	0.287844	0.208011
153.903659	794.605176	26440.000000	377.284804	0.287844	0.208011
154.445628	794.605091	26660.000000	377.284844	0.289132	0.208011
153.318164	794.604996	27340.000000	377.284889	0.287844	0.208011
153.439470	794.604793	26660.000000	377.284986	0.287844	0.208011
153.211846	794.604704	25450.000000	377.285028	0.287844	0.208011
154.163420	794.604565	26140.000000	377.285094	0.287844	0.208011
154.254166	794.604468	27980.000000	377.285140	0.287844	0.209298
154.402763	794.604354	26800.000000	377.285194	0.287844	0.208011
152.713451	794.604247	26870.000000	377.285245	0.287844	0.209298
153.443499	794.604204	26810.000000	377.285265	0.287844	0.209298
153.725820	794.604152	27130.000000	377.285290	0.287844	0.208011
152.248005	794.604051	28330.000000	377.285338	0.287844	0.210586
153.911252	794.603919	26910.000000	377.285401	0.287844	0.209298
151.934639	794.603757	26800.000000	377.285478	0.289132	0.209298
153.926794	794.603708	27840.000000	377.285501	0.287844	0.210586
153.800088	794.603510	29650.000000	377.285595	0.287844	0.209298
153.205786	794.603400	26620.000000	377.285647	0.287844	0.209298
153.132946	794.603259	28000.000000	377.285714	0.287844	0.209298
152.995068	794.603181	27860.000000	377.285751	0.287844	0.209298
153.012250	794.603127	29340.000000	377.285777	0.287844	0.210586
153.892465	794.603167	27180.000000	377.285758	0.287844	0.209298
153.291326	794.603222	28880.000000	377.285732	0.287844	0.209298
152.598939	794.603315	27120.000000	377.285687	0.287844	0.209298
153.680927	794.603426	26900.000000	377.285635	0.287844	0.209298
154.075398	794.603589	27300.000000	377.285558	0.287844	0.209298
153.717948	794.603733	28990.000000	377.285489	0.287844	0.209298
154.255534	794.603803	29140.000000	377.285456	0.287844	0.211874
154.056453	794.603979	29280.000000	377.285372	0.287844	0.210586
153.032159	794.604063	29350.000000	377.285332	0.287844	0.209298
155.440698	794.604120	29330.000000	377.285306	0.287844	0.209298
153.416486	794.604152	29750.000000	377.285290	0.287844	0.210586
153.255465	794.604211	28050.000000	377.285262	0.287844	0.210586
153.834677	794.604324	27520.000000	377.285209	0.287844	0.209298
153.728871	794.604394	28130.000000	377.285175	0.287844	0.210586
154.367839	794.604524	29230.000000	377.285113	0.287844	0.210586
154.713705	794.604667	26570.000000	377.285046	0.287844	0.213161
154.161044	794.604787	27980.000000	377.284989	0.287844	0.211874
153.802540	794.604939	27270.000000	377.284916	0.287844	0.209298
153.300172	794.605060	27770.000000	377.284859	0.287844	0.209298
153.981375	794.605122	28070.000000	377.284830	0.287844	0.210586
153.670109	794.605240	27420.000000	377.284774	0.287844	0.209298
153.649741	794.605317	26770.000000	377.284737	0.287844	0.213161
154.247081	794.605420	28090.000000	377.284688	0.287844	0.211874
154.949799	794.605616	26330.000000	377.284595	0.287844	0.210586
154.493933	794.605693	25640.000000	377.284558	0.287844	0.209298
155.428413	794.605860	21980.000000	377.284479	0.287844	0.208011
154.758968	794.606005	22240.000000	377.284410	0.287844	0.210586
154.492737	794.606043	20030.000000	377.284392	0.287844	0.209298
154.698162	794.606147	22850.000000	377.284343	0.287844	0.198997
154.322162	794.606223	19140.000000	377.284307	0.287844	0.197710
155.021073	794.606280	19620.000000	377.284280	0.287844	0.197710
154.898578	794.606359	23230.000000	377.284242	0.287844	0.198997
153.695801	794.606516	23150.000000	377.284168	0.287844	0.200285
156.391123	794.606624	23360.000000	377.284116	0.287844	0.200285
154.782490	794.606773	21540.000000	377.284046	0.287844	0.201573
154.850884	794.606913	19070.000000	377.283979	0.287844	0.201573
155.238201	794.607114	21210.000000	377.283884	0.287844	0.201573
155.124949	794.607145	24080.000000	377.283869	0.287844	0.201573
155.306508	794.607195	24410.000000	377.283845	0.287844	0.201573
154.791419	794.607354	24830.000000	377.283770	0.287844	0.201573
156.129433	794.607440	27310.000000	377.283729	0.287844	0.202860
155.115263	794.607579	25580.000000	377.283663	0.287844	0.201573
156.756186	794.607639	25120.000000	377.283635	0.287844	0.201573
156.643503	794.607726	26080.000000	377.283593	0.287844	0.201573
155.725824	794.607935	27520.000000	377.283494	0.287844	0.201573
156.183600	794.608062	26340.000000	377.283433	0.287844	0.202860
156.183417	794.608145	26120.000000	377.283394	0.287844	0.202860
155.750493	794.608206	26710.000000	377.283365	0.287844	0.201573
156.237855	794.608276	27390.000000	377.283332	0.287844	0.201573
156.533949	794.608356	27660.000000	377.283294	0.287844	0.201573
156.431040	794.608280	26630.000000	377.283330	0.287844	0.201573
156.655638	794.608239	26520.000000	377.283350	0.286557	0.201573
155.478031	794.608176	28440.000000	377.283379	0.287844	0.201573
154.729450	794.608125	28630.000000	377.283404	0.287844	0.201573
155.920279	794.608027	28090.000000	377.283450	0.287844	0.201573
155.643878	794.607853	27350.000000	377.283533	0.287844	0.201573
156.176219	794.607752	27490.000000	377.283581	0.287844	0.201573
156.006762	794.607625	27750.000000	377.283641	0.287844	0.200285
155.361884	794.607556	27140.000000	377.283674	0.287844	0.201573
155.471728	794.607500	27800.000000	377.283701	0.287844	0.201573
155.515799	794.607366	26930.000000	377.283764	0.287844	0.201573
154.387593	794.607243	27910.000000	377.283822	0.287844	0.201573
154.273841	794.607187	27400.000000	377.283849	0.287844	0.201573
153.964301	794.607121	26170.000000	377.283881	0.287844	0.200285
154.711382	794.607004	26340.000000	377.283936	0.287844	0.200285
154.936419	794.606759	22830.000000	377.284052	0.287844	0.201573
154.754318	794.606642	18770.000000	377.284108	0.287844	0.201573
153.377487	794.606599	24550.000000	377.284128	0.286557	0.201573
155.222171	794.606450	24920.000000	377.284199	0.287844	0.200285
154.396196	794.606341	24690.000000	377.284251	0.287844	0.201573
153.213508	794.606276	18750.000000	377.284282	0.286557	0.201573
153.400139	794.606168	17560.000000	377.284333	0.287844	0.201573
154.370539	794.606109	22800.000000	377.284361	0.286557	0.201573
154.205272	794.606015	25770.000000	377.284406	0.287844	0.200285
155.017372	794.605882	26300.000000	377.284469	0.287844	0.201573
154.507787	794.605736	21330.000000	377.284538	0.287844	0.200285
154.676700	794.605628	26260.000000	377.284589	0.287844	0.201573
153.622975	794.605587	25830.000000	377.284609	0.287844	0.201573
154.845098	794.605453	26880.000000	377.284672	0.287844	0.200285
153.798849	794.605273	26100.000000	377.284758	0.287844	0.201573
154.841012	794.605194	27230.000000	377.284795	0.286557	0.201573
153.350204	794.605058	26170.000000	377.284860	0.286557	0.200285
154.504904	794.604986	25930.000000	377.284894	0.287844	0.201573
154.134795	794.604902	26910.000000	377.284934	0.286557	0.201573
153.291332	794.604704	26150.000000	377.285028	0.287844	0.201573
153.312004	794.604616	26980.000000	377.285070	0.287844	0.201573
154.078845	794.604477	26120.000000	377.285136	0.287844	0.200285
155.130904	794.604317	25360.000000	377.285212	0.286557	0.200285
155.684607	794.604238	26460.000000	377.285249	0.286557	0.200285
154.656288	794.604171	26450.000000	377.285281	0.287844	0.201573
153.365656	794.604119	26840.000000	377.285306	0.287844	0.200285
153.718936	794.604061	25980.000000	377.285333	0.287844	0.200285
152.446708	794.603949	27080.000000	377.285387	0.287844	0.200285
152.938558	794.603816	27030.000000	377.285450	0.287844	0.200285
154.150192	794.603723	24440.000000	377.285494	0.286557	0.200285
154.359242	794.603563	26690.000000	377.285570	0.286557	0.200285
153.306325	794.603397	26340.000000	377.285649	0.287844	0.200285
152.646821	794.603221	25430.000000	377.285732	0.286557	0.200285
154.481123	794.603144	24820.000000	377.285769	0.286557	0.200285
153.776929	794.603105	26330.000000	377.285787	0.286557	0.201573
154.200164	794.603155	26990.000000	377.285763	0.286557	0.200285
154.238179	794.603184	26050.000000	377.285750	0.287844	0.200285
153.592563	794.603269	24680.000000	377.285709	0.287844	0.200285
153.558017	794.603451	26340.000000	377.285623	0.287844	0.200285
154.336536	794.603653	26590.000000	377.285527	0.286557	0.200285
154.488785	794.603753	26810.000000	377.285480	0.286557	0.200285
153.846607	794.603827	26050.000000	377.285445	0.287844	0.200285
154.910992	794.603953	28520.000000	377.285384	0.287844	0.201573
154.190513	794.604053	27140.000000	377.285337	0.286557	0.200285
153.527316	794.604095	28380.000000	377.285317	0.287844	0.200285
154.768300	794.604147	26950.000000	377.285293	0.287844	0.200285
153.601631	794.604215	27840.000000	377.285260	0.286557	0.200285
153.034464	794.604276	27290.000000	377.285231	0.286557	0.201573
153.322019	794.604410	28280.000000	377.285167	0.287844	0.200285
153.632510	794.604577	26790.000000	377.285088	0.287844	0.201573
152.284965	794.604655	27910.000000	377.285051	0.287844	0.200285
154.113944	794.604832	29230.000000	377.284967	0.286557	0.200285
152.058849	794.604930	26350.000000	377.284921	0.286557	0.200285
152.429042	794.605029	27120.000000	377.284874	0.287844	0.200285
153.694310	794.605111	27170.000000	377.284835	0.286557	0.200285
152.009119	794.605233	26440.000000	377.284777	0.286557	0.200285
154.281152	794.605339	29380.000000	377.284727	0.286557	0.200285
152.469367	794.605513	26690.000000	377.284644	0.287844	0.200285
154.088344	794.605601	27990.000000	377.284602	0.286557	0.200285
152.890710	794.605680	26490.000000	377.284565	0.286557	0.200285
154.793447	794.605842	25480.000000	377.284487	0.287844	0.200285
152.851147	794.605959	20040.000000	377.284432	0.287844	0.200285
154.337465	794.606066	26090.000000	377.284381	0.286557	0.200285
154.207184	794.606122	25100.000000	377.284355	0.286557	0.200285
153.972336	794.606225	20840.000000	377.284306	0.286557	0.200285
153.594518	794.606282	20770.000000	377.284279	0.286557	0.200285
153.733193	794.606377	24450.000000	377.284234	0.286557	0.200285
154.242325	794.606520	23970.000000	377.284166	0.286557	0.201573
155.058367	794.606611	25420.000000	377.284123	0.286557	0.200285
154.481974	794.606703	22980.000000	377.284079	0.286557	0.201573
155.976277	794.606955	20880.000000	377.283959	0.287844	0.200285
154.300366	794.607073	24700.000000	377.283903	0.286557	0.200285
154.506163	794.607169	25680.000000	377.283858	0.286557	0.200285
155.382679	794.607229	30070.000000	377.283829	0.286557	0.200285
155.309317	794.607314	26410.000000	377.283789	0.286557	0.200285
155.890581	794.607501	28670.000000	377.283700	0.287844	0.200285
155.857681	794.607550	30170.000000	377.283677	0.286557	0.200285
154.449779	794.607602	29030.000000	377.283652	0.286557	0.200285
153.336808	794.607762	31640.000000	377.283576	0.286557	0.200285
153.128436	794.607878	30990.000000	377.283521	0.287844	0.201573
153.928125	794.608089	31620.000000	377.283421	0.286557	0.200285
153.792306	794.608135	32130.000000	377.283399	0.286557	0.200285
154.017740	794.608179	31540.000000	377.283378	0.286557	0.200285
154.835272	794.608336	31330.000000	377.283303	0.287844	0.200285
156.048445	794.608412	32660.000000	377.283267	0.286557	0.201573
154.600080	794.608354	31210.000000	377.283295	0.286557	0.200285
157.406734	794.608232	32460.000000	377.283353	0.286557	0.200285
156.132159	794.608183	34010.000000	377.283376	0.286557	0.200285
154.797350	794.608114	33530.000000	377.283409	0.287844	0.200285
155.684687	794.608041	34100.000000	377.283443	0.286557	0.200285
157.552047	794.607869	34100.000000	377.283525	0.286557	0.200285
154.557200	794.607751	32890.000000	377.283581	0.286557	0.201573
154.436363	794.607638	34120.000000	377.283635	0.286557	0.200285
155.268736	794.607598	34530.000000	377.283654	0.286557	0.200285
156.332355	794.607538	33700.000000	377.283682	0.286557	0.200285
153.523635	794.607468	33340.000000	377.283716	0.286557	0.200285
156.418222	794.607268	35020.000000	377.283810	0.286557	0.200285
153.666742	794.607198	33940.000000	377.283844	0.286557	0.200285
155.626712	794.607125	33680.000000	377.283878	0.286557	0.201573
153.019552	794.606972	33520.000000	377.283951	0.286557	0.200285
154.774538	794.606825	31760.000000	377.284021	0.286557	0.201573
152.798665	794.606717	22460.000000	377.284072	0.286557	0.200285
153.608824	794.606578	20740.000000	377.284138	0.286557	0.200285
152.587234	794.606512	28750.000000	377.284170	0.286557	0.200285
152.811718	794.606317	30710.000000	377.284262	0.286557	0.200285
152.755574	794.606276	30100.000000	377.284282	0.286557	0.200285
153.736921	794.606217	28060.000000	377.284310	0.286557	0.200285
151.760319	794.606098	21190.000000	377.284366	0.286557	0.200285
152.247141	794.606013	23720.000000	377.284406	0.286557	0.200285
150.924325	794.605836	31570.000000	377.284491	0.286557	0.200285
153.658114	794.605712	28300.000000	377.284549	0.286557	0.200285
151.336806	794.605657	25430.000000	377.284575	0.286557	0.200285
151.910146	794.605573	31560.000000	377.284616	0.286557	0.200285
154.375779	794.605381	34330.000000	377.284707	0.286557	0.200285
152.787290	794.605306	34030.000000	377.284742	0.286557	0.200285
153.180477	794.605156	33770.000000	377.284814	0.286557	0.200285
154.005496	794.605101	34950.000000	377.284840	0.286557	0.200285
154.212241	794.604947	34140.000000	377.284913	0.286557	0.200285
155.998594	794.604885	33570.000000	377.284942	0.286557	0.200285
155.581870	794.604771	34530.000000	377.284996	0.286557	0.200285
155.477331	794.604607	34150.000000	377.285074	0.286557	0.200285
153.996388	794.604475	33600.000000	377.285137	0.286557	0.200285
156.064052	794.604364	33950.000000	377.285189	0.286557	0.200285
154.162580	794.604249	33840.000000	377.285244	0.286557	0.200285
154.763782	794.604185	33380.000000	377.285274	0.286557	0.200285
153.997814	794.604111	34170.000000	377.285309	0.286557	0.200285
153.189118	794.604080	34560.000000	377.285324	0.286557	0.200285
154.361116	794.603994	36080.000000	377.285365	0.286557	0.200285
154.260726	794.603775	35240.000000	377.285469	0.286557	0.200285
154.569107	794.603692	36650.000000	377.285508	0.286557	0.200285
154.506342	794.603560	33610.000000	377.285571	0.286557	0.201573
153.563101	794.603393	33740.000000	377.285651	0.286557	0.200285
152.325896	794.603261	34320.000000	377.285713	0.286557	0.201573
151.417982	794.603145	34340.000000	377.285768	0.286557	0.200285
154.022078	794.603102	33930.000000	377.285789	0.286557	0.200285
153.178739	794.603138	34970.000000	377.285772	0.286557	0.200285
154.711391	794.603216	34720.000000	377.285735	0.286557	0.200285
152.136596	794.603306	34630.000000	377.285692	0.286557	0.197710
151.980401	794.603408	34860.000000	377.285644	0.286557	0.198997
152.014990	794.603636	34070.000000	377.285535	0.286557	0.198997
152.259187	794.603741	34810.000000	377.285485	0.286557	0.198997
151.980751	794.603811	34280.000000	377.285452	0.286557	0.198997
152.119338	794.603941	34400.000000	377.285390	0.286557	0.198997
151.444807	794.604042	33170.000000	377.285342	0.286557	0.200285
152.381692	794.604111	33270.000000	377.285310	0.286557	0.200285
154.165518	794.604140	33680.000000	377.285296	0.286557	0.198997
153.977948	794.604184	34500.000000	377.285275	0.286557	0.198997
154.994556	794.604308	32600.000000	377.285216	0.286557	0.198997
153.343981	794.604391	33950.000000	377.285177	0.286557	0.198997
153.713425	794.604614	32650.000000	377.285071	0.286557	0.198997
152.644957	794.604683	32870.000000	377.285038	0.286557	0.198997
152.943993	794.604808	33640.000000	377.284979	0.286557	0.198997
154.560622	794.604958	32750.000000	377.284907	0.286557	0.198997
152.196530	794.605030	33900.000000	377.284873	0.286557	0.198997
152.852116	794.605098	33150.000000	377.284841	0.286557	0.198997
153.959507	794.605236	33420.000000	377.284775	0.286557	0.198997
152.872744	794.605305	32450.000000	377.284743	0.285269	0.198997
154.451577	794.605509	32680.000000	377.284646	0.286557	0.198997
155.670669	794.605607	32390.000000	377.284599	0.286557	0.198997
153.578966	794.605673	30940.000000	377.284568	0.286557	0.198997
154.886457	794.605874	29120.000000	377.284473	0.286557	0.198997
155.645545	794.606006	27070.000000	377.284410	0.286557	0.198997
156.232475	794.606050	31010.000000	377.284389	0.286557	0.198997
154.692303	794.606125	28750.000000	377.284353	0.286557	0.198997
154.304300	794.606189	24480.000000	377.284323	0.286557	0.198997
156.300914	794.606305	19540.000000	377.284268	0.286557	0.198997
154.274915	794.606357	24380.000000	377.284243	0.286557	0.198997
154.060619	794.606488	28550.000000	377.284181	0.286557	0.198997
153.737154	794.606625	28680.000000	377.284116	0.286557	0.198997
154.105988	794.606828	25970.000000	377.284020	0.286557	0.200285
154.735579	794.606932	24840.000000	377.283970	0.286557	0.198997
153.863927	794.607052	26700.000000	377.283913	0.286557	0.198997
154.615489	794.607092	30340.000000	377.283894	0.285269	0.198997
154.524904	794.607173	30070.000000	377.283856	0.286557	0.198997
154.260226	794.607367	30320.000000	377.283764	0.286557	0.198997
155.595132	794.607517	31310.000000	377.283692	0.286557	0.198997
155.372032	794.607658	30740.000000	377.283625	0.286557	0.198997
155.041942	794.607753	31610.000000	377.283580	0.286557	0.198997
154.059412	794.607840	31110.000000	377.283539	0.286557	0.198997
155.002658	794.607955	32760.000000	377.283484	0.286557	0.198997
154.600700	794.608038	32710.000000	377.283445	0.285269	0.198997
154.573483	794.608129	31700.000000	377.283402	0.286557	0.198997
155.901918	794.608181	32580.000000	377.283377	0.286557	0.198997
153.402582	794.608250	31770.000000	377.283344	0.285269	0.198997
154.357408	794.608322	32340.000000	377.283310	0.285269	0.198997
155.209078	794.608270	31730.000000	377.283335	0.286557	0.198997
155.560319	794.608231	31260.000000	377.283353	0.285269	0.198997
154.169161	794.608152	30950.000000	377.283391	0.286557	0.198997
155.516253	794.608116	32680.000000	377.283408	0.286557	0.198997
155.544939	794.608003	31800.000000	377.283462	0.286557	0.198997
154.400202	794.607872	31230.000000	377.283524	0.286557	0.198997
154.582675	794.607778	32590.000000	377.283568	0.286557	0.198997
154.839812	794.607602	31850.000000	377.283652	0.285269	0.198997
155.482852	794.607563	32250.000000	377.283670	0.285269	0.198997
155.045178	794.607520	31460.000000	377.283691	0.286557	0.198997
154.433286	794.607392	32740.000000	377.283752	0.286557	0.198997
153.692511	794.607262	32600.000000	377.283814	0.285269	0.198997
154.454026	794.607183	31840.000000	377.283851	0.285269	0.198997
154.088254	794.607125	31470.000000	377.283879	0.286557	0.198997
153.921907	794.606998	32100.000000	377.283939	0.285269	0.198997
154.244325	794.606798	28760.000000	377.284034	0.286557	0.198997
153.330355	794.606664	20030.000000	377.284097	0.286557	0.198997
154.293341	794.606603	24060.000000	377.284127	0.286557	0.198997
154.321134	794.606432	28500.000000	377.284208	0.285269	0.198997
152.808958	794.606340	30680.000000	377.284251	0.285269	0.198997
152.557603	794.606242	27160.000000	377.284298	0.285269	0.198997
154.222576	794.606179	20530.000000	377.284328	0.285269	0.200285
153.694479	794.606095	20970.000000	377.284367	0.285269	0.198997
153.900203	794.606027	28810.000000	377.284400	0.286557	0.198997
153.170922	794.605891	30540.000000	377.284464	0.285269	0.198997
153.408657	794.605746	28310.000000	377.284533	0.285269	0.198997
154.581950	794.605637	27880.000000	377.284585	0.285269	0.198997
153.300770	794.605600	30010.000000	377.284602	0.286557	0.198997
153.114790	794.605363	31600.000000	377.284715	0.286557	0.198997
153.950684	794.605295	32730.000000	377.284747	0.286557	0.198997
153.830755	794.605195	32410.000000	377.284795	0.285269	0.198997
154.586879	794.605079	32270.000000	377.284850	0.286557	0.198997
154.723380	794.605003	33020.000000	377.284886	0.285269	0.198997
153.736354	794.604904	32320.000000	377.284933	0.286557	0.198997
154.393503	794.604712	32800.000000	377.285024	0.285269	0.198997
156.097192	794.604625	31790.000000	377.285066	0.286557	0.197710
155.300001	794.604454	33580.000000	377.285147	0.285269	0.198997
153.423852	794.604318	33930.000000	377.285212	0.285269	0.198997
152.627919	794.604249	34360.000000	377.285244	0.285269	0.198997
152.048704	794.604176	35960.000000	377.285279	0.285269	0.198997
151.039588	794.604112	35490.000000	377.285309	0.286557	0.198997
152.267919	794.604059	35240.000000	377.285334	0.285269	0.198997
149.884241	794.603952	35930.000000	377.285385	0.286557	0.198997
151.668626	794.603795	37160.000000	377.285460	0.285269	0.198997
150.847385	794.603719	37190.000000	377.285496	0.285269	0.198997
152.372597	794.603503	37690.000000	377.285598	0.285269	0.198997
152.427358	794.603414	36460.000000	377.285640	0.285269	0.198997
152.389763	794.603237	38150.000000	377.285725	0.285269	0.198997
151.784280	794.603174	35490.000000	377.285754	0.285269	0.198997
151.524839	794.603119	34960.000000	377.285781	0.285269	0.198997
151.660687	794.603170	35660.000000	377.285756	0.285269	0.198997
153.571162	794.603208	34940.000000	377.285738	0.285269	0.198997
153.714813	794.603299	35150.000000	377.285695	0.285269	0.198997
153.196522	794.603416	33570.000000	377.285640	0.286557	0.198997
155.221933	794.603583	35470.000000	377.285560	0.285269	0.198997
154.820329	794.603779	35070.000000	377.285467	0.285269	0.197710
152.384279	794.603836	35340.000000	377.285440	0.285269	0.198997
153.160391	794.603914	34680.000000	377.285403	0.286557	0.198997
154.485554	794.604062	35300.000000	377.285333	0.286557	0.198997
152.066984	794.604111	33940.000000	377.285309	0.285269	0.197710
154.496469	794.604160	35770.000000	377.285286	0.285269	0.197710
152.350396	794.604212	35680.000000	377.285262	0.285269	0.197710
152.578740	794.604287	35580.000000	377.285226	0.285269	0.197710
152.579126	794.604401	34510.000000	377.285172	0.285269	0.198997
153.354518	794.604568	33250.000000	377.285092	0.286557	0.198997
152.925956	794.604675	36600.000000	377.285042	0.285269	0.197710
154.319015	794.604788	34920.000000	377.284988	0.286557	0.197710
153.560131	794.604905	32670.000000	377.284933	0.285269	0.197710
154.625778	794.605034	32990.000000	377.284871	0.285269	0.197710
153.016635	794.605120	32200.000000	377.284830	0.285269	0.197710
153.038309	794.605191	33200.000000	377.284797	0.285269	0.198997
154.359501	794.605297	33410.000000	377.284746	0.285269	0.197710
153.183398	794.605397	31820.000000	377.284699	0.285269	0.197710
153.104555	794.605601	32860.000000	377.284602	0.285269	0.197710
153.423764	794.605706	28590.000000	377.284552	0.285269	0.197710
153.798213	794.605804	23550.000000	377.284506	0.285269	0.197710
153.229373	794.606018	27240.000000	377.284404	0.286557	0.197710
154.815550	794.606062	27500.000000	377.284383	0.285269	0.197710
153.742498	794.606110	25480.000000	377.284361	0.285269	0.197710
153.640142	794.606224	20940.000000	377.284306	0.285269	0.197710
151.847821	794.606293	24080.000000	377.284273	0.285269	0.197710
154.390691	794.606342	26640.000000	377.284250	0.286557	0.197710
154.448578	794.606519	26240.000000	377.284166	0.285269	0.197710
154.787546	794.606614	23910.000000	377.284121	0.285269	0.197710
154.523944	794.606813	20490.000000	377.284027	0.285269	0.198997
152.867973	794.606935	21150.000000	377.283969	0.285269	0.198997
153.613072	794.607101	22270.000000	377.283890	0.285269	0.197710
154.637041	794.607153	25160.000000	377.283865	0.285269	0.197710
154.764017	794.607204	27760.000000	377.283841	0.285269	0.197710
153.899659	794.607296	27150.000000	377.283797	0.285269	0.197710
155.094558	794.607470	27850.000000	377.283714	0.285269	0.197710
154.377155	794.607524	28040.000000	377.283689	0.285269	0.197710
157.212013	794.607650	27640.000000	377.283629	0.285269	0.198997
155.617181	794.607762	27330.000000	377.283576	0.285269	0.197710
156.423741	794.607876	28750.000000	377.283522	0.285269	0.197710
155.844271	794.608077	27780.000000	377.283427	0.285269	0.197710
156.777886	794.608132	28960.000000	377.283401	0.285269	0.197710
156.505264	794.608178	29290.000000	377.283379	0.285269	0.197710
155.254803	794.608295	29810.000000	377.283323	0.285269	0.197710
155.458450	794.608366	30090.000000	377.283289	0.285269	0.197710
154.919847	794.608282	27780.000000	377.283329	0.285269	0.197710
153.168236	794.608197	29670.000000	377.283370	0.283981	0.197710
154.515453	794.608163	30050.000000	377.283386	0.285269	0.197710
153.096627	794.608104	28680.000000	377.283414	0.285269	0.197710
153.434297	794.608051	28130.000000	377.283439	0.285269	0.197710
154.259936	794.607899	30140.000000	377.283511	0.285269	0.197710
155.219074	794.607762	30110.000000	377.283576	0.285269	0.197710
157.754150	794.607631	30120.000000	377.283638	0.285269	0.197710
157.097760	794.607568	33310.000000	377.283668	0.285269	0.197710
156.693882	794.607523	33480.000000	377.283689	0.285269	0.197710
156.801480	794.607403	34000.000000	377.283747	0.285269	0.197710
153.695363	794.607255	31920.000000	377.283817	0.285269	0.197710
154.306119	794.607199	33700.000000	377.283843	0.285269	0.197710
153.055947	794.607120	29350.000000	377.283881	0.285269	0.196422
153.274438	794.607017	35130.000000	377.283930	0.285269	0.197710
153.491541	794.606936	32190.000000	377.283968	0.285269	0.197710
151.742401	794.606690	27710.000000	377.284085	0.285269	0.197710
151.434352	794.606578	22360.000000	377.284138	0.285269	0.197710
152.553532	794.606477	27820.000000	377.284186	0.285269	0.197710
151.693523	794.606301	26370.000000	377.284270	0.285269	0.197710
153.255227	794.606237	32540.000000	377.284300	0.285269	0.197710
152.130633	794.606170	26630.000000	377.284332	0.285269	0.197710
151.214927	794.606068	22380.000000	377.284380	0.285269	0.197710
152.786618	794.606016	26580.000000	377.284405	0.285269	0.197710
154.265705	794.605913	29320.000000	377.284454	0.285269	0.197710
153.305116	794.605757	25830.000000	377.284528	0.285269	0.197710
152.249674	794.605666	23530.000000	377.284571	0.285269	0.197710
153.119526	794.605586	25290.000000	377.284609	0.285269	0.195134
151.589859	794.605403	28900.000000	377.284696	0.285269	0.196422
152.785483	794.605320	28070.000000	377.284736	0.285269	0.195134
152.930788	794.605140	27330.000000	377.284821	0.285269	0.196422
151.560664	794.605084	28600.000000	377.284848	0.285269	0.196422
153.405350	794.604981	29010.000000	377.284897	0.285269	0.196422
152.251317	794.604887	25980.000000	377.284941	0.285269	0.196422
152.598494	794.604805	26130.000000	377.284980	0.285269	0.196422
152.605034	794.604633	26470.000000	377.285062	0.285269	0.196422
153.583944	794.604461	26950.000000	377.285143	0.285269	0.196422
153.239686	794.604324	26480.000000	377.285209	0.285269	0.196422
152.901062	794.604204	27310.000000	377.285265	0.285269	0.196422
153.269610	794.604158	26750.000000	377.285287	0.285269	0.196422
154.222027	794.604077	27890.000000	377.285326	0.285269	0.197710
151.668665	794.604025	27660.000000	377.285350	0.283981	0.196422
153.259494	794.603959	29640.000000	377.285382	0.285269	0.195134
153.822364	794.603795	28720.000000	377.285460	0.285269	0.196422
152.069585	794.603731	27190.000000	377.285490	0.285269	0.196422
154.055750	794.603675	30080.000000	377.285517	0.285269	0.196422
152.425495	794.603429	26670.000000	377.285634	0.285269	0.197710
152.426694	794.603274	26810.000000	377.285707	0.285269	0.196422
152.819010	794.603146	26240.000000	377.285768	0.285269	0.195134
152.542768	794.603113	26800.000000	377.285783	0.285269	0.195134
152.833786	794.603140	25570.000000	377.285771	0.285269	0.197710
152.762974	794.603187	26720.000000	377.285748	0.285269	0.196422
154.074163	794.603334	25780.000000	377.285679	0.285269	0.196422
153.757588	794.603508	25390.000000	377.285596	0.285269	0.196422
153.770337	794.603724	24950.000000	377.285493	0.285269	0.196422
153.358613	794.603748	26360.000000	377.285482	0.285269	0.196422
153.256607	794.603830	25590.000000	377.285443	0.285269	0.196422
153.191106	794.603940	24960.000000	377.285391	0.285269	0.196422
153.022499	794.603986	24490.000000	377.285369	0.283981	0.197710
154.090629	794.604067	24790.000000	377.285331	0.285269	0.196422
151.894826	794.604119	25230.000000	377.285306	0.285269	0.196422
152.886953	794.604168	27000.000000	377.285283	0.283981	0.196422
152.398653	794.604277	28080.000000	377.285231	0.283981	0.197710
153.613800	794.604414	27910.000000	377.285166	0.285269	0.196422
153.675134	794.604615	27780.000000	377.285070	0.285269	0.196422
154.019206	794.604693	27400.000000	377.285033	0.285269	0.197710
154.965506	794.604798	29380.000000	377.284983	0.285269	0.196422
154.124598	794.604955	26690.000000	377.284909	0.285269	0.195134
153.907163	794.605050	27170.000000	377.284864	0.285269	0.196422
152.900115	794.605095	29910.000000	377.284842	0.283981	0.197710
152.985195	794.605219	27550.000000	377.284783	0.285269	0.196422
153.136231	794.605311	25960.000000	377.284740	0.285269	0.196422
153.032334	794.605557	29160.000000	377.284623	0.285269	0.196422
152.989454	794.605626	29860.000000	377.284590	0.285269	0.196422
153.862158	794.605674	24720.000000	377.284568	0.285269	0.196422
152.808223	794.605900	24560.000000	377.284460	0.283981	0.196422
153.678412	794.605969	24590.000000	377.284428	0.283981	0.196422
153.502107	794.606068	23660.000000	377.284380	0.283981	0.196422
153.657531	794.606121	24390.000000	377.284355	0.283981	0.196422
153.981891	794.606169	21580.000000	377.284332	0.283981	0.196422
153.416741	794.606266	22350.000000	377.284287	0.285269	0.197710
152.916225	794.606369	25360.000000	377.284237	0.285269	0.196422
154.429163	794.606481	23560.000000	377.284184	0.285269	0.196422
152.743433	794.606643	22870.000000	377.284107	0.283981	0.196422
153.326444	794.606824	21280.000000	377.284021	0.285269	0.196422
152.178507	794.606995	19500.000000	377.283940	0.285269	0.196422
153.742857	794.607056	26210.000000	377.283911	0.285269	0.197710
152.941061	794.607134	27330.000000	377.283874	0.283981	0.196422
153.833415	794.607213	27960.000000	377.283837	0.283981	0.196422
152.690681	794.607322	28060.000000	377.283785	0.283981	0.196422
153.772926	794.607434	31670.000000	377.283732	0.283981	0.196422
153.034668	794.607560	32050.000000	377.283672	0.285269	0.196422
152.948199	794.607645	33480.000000	377.283632	0.285269	0.196422
152.986294	794.607859	35050.000000	377.283530	0.285269	0.196422
152.079273	794.607932	34260.000000	377.283495	0.285269	0.196422
155.552993	794.608061	33930.000000	377.283434	0.283981	0.197710
154.643495	794.608136	35440.000000	377.283399	0.283981	0.196422
157.330214	794.608175	34300.000000	377.283380	0.285269	0.196422
156.519990	794.608223	33620.000000	377.283357	0.283981	0.197710
156.427406	794.608342	34000.000000	377.283301	0.283981	0.196422
154.811333	794.608246	35070.000000	377.283346	0.283981	0.196422
155.264493	794.608184	33730.000000	377.283376	0.283981	0.196422
153.603289	794.608153	34950.000000	377.283390	0.283981	0.196422
153.149831	794.608115	34130.000000	377.283408	0.283981	0.196422
155.437535	794.608026	35100.000000	377.283451	0.283981	0.197710
153.124891	794.607932	34380.000000	377.283495	0.283981	0.195134
154.121112	794.607869	34540.000000	377.283525	0.283981	0.196422
154.231454	794.607645	34750.000000	377.283631	0.283981	0.196422
153.317217	794.607571	33170.000000	377.283667	0.283981	0.196422
152.448952	794.607458	33900.000000	377.283721	0.283981	0.196422
155.193186	794.607355	34700.000000	377.283769	0.283981	0.196422
156.666141	794.607253	32480.000000	377.283818	0.283981	0.196422
152.606962	794.607159	33950.000000	377.283862	0.283981	0.196422
155.774930	794.607135	33290.000000	377.283874	0.283981	0.195134
154.245675	794.607066	31100.000000	377.283907	0.283981	0.196422
156.703490	794.606893	32190.000000	377.283989	0.285269	0.196422
155.128964	794.606751	27090.000000	377.284056	0.285269	0.196422
155.202637	794.606579	23210.000000	377.284138	0.283981	0.196422
153.305674	794.606458	28630.000000	377.284195	0.283981	0.197710
155.012288	794.606330	28050.000000	377.284256	0.283981	0.196422
156.163964	794.606264	26300.000000	377.284287	0.283981	0.196422
152.855247	794.606165	22050.000000	377.284334	0.283981	0.196422
155.741779	794.606101	24200.000000	377.284365	0.283981	0.196422
154.401656	794.606035	28120.000000	377.284396	0.283981	0.196422
154.582119	794.605970	29310.000000	377.284427	0.283981	0.196422
153.201798	794.605737	25530.000000	377.284538	0.283981	0.196422
154.715982	794.605651	24970.000000	377.284578	0.283981	0.197710
153.765535	794.605600	28300.000000	377.284602	0.283981	0.196422
152.893160	794.605378	29200.000000	377.284708	0.283981	0.196422
154.468106	794.605309	30930.000000	377.284741	0.283981	0.196422
154.547126	794.605233	29100.000000	377.284777	0.283981	0.196422
154.989522	794.605075	30230.000000	377.284852	0.285269	0.196422
153.635034	794.605004	30230.000000	377.284886	0.283981	0.196422
151.735322	794.604853	29160.000000	377.284957	0.283981	0.197710
153.461561	794.604738	28330.000000	377.285012	0.283981	0.196422
153.425059	794.604653	28500.000000	377.285052	0.283981	0.196422
152.802176	794.604469	27900.000000	377.285140	0.283981	0.196422
152.660903	794.604345	27690.000000	377.285199	0.283981	0.197710
154.960748	794.604249	28210.000000	377.285244	0.283981	0.197710
153.127792	794.604168	26930.000000	377.285282	0.283981	0.196422
154.374014	794.604122	27170.000000	377.285304	0.283981	0.196422
154.239033	794.604013	27600.000000	377.285356	0.283981	0.196422
152.630519	794.603961	28010.000000	377.285381	0.283981	0.196422
155.016107	794.603851	27590.000000	377.285433	0.283981	0.196422
154.002337	794.603740	28440.000000	377.285486	0.283981	0.196422
152.932263	794.603665	27400.000000	377.285521	0.283981	0.196422
154.176467	794.603461	27660.000000	377.285618	0.283981	0.197710
153.254339	794.603235	27760.000000	377.285725	0.283981	0.196422
153.574003	794.603168	29350.000000	377.285757	0.283981	0.196422
153.358408	794.603123	29060.000000	377.285779	0.283981	0.196422
153.884671	794.603156	29610.000000	377.285763	0.283981	0.197710
152.508332	794.603187	27710.000000	377.285748	0.283981	0.197710
154.460295	794.603412	28630.000000	377.285642	0.283981	0.197710
151.961156	794.603553	29060.000000	377.285575	0.283981	0.196422
154.635831	794.603694	31980.000000	377.285508	0.283981	0.196422
152.783618	794.603765	27540.000000	377.285474	0.283981	0.197710
152.595771	794.603816	29520.000000	377.285450	0.283981	0.197710
153.131726	794.603974	28860.000000	377.285374	0.283981	0.196422
153.475424	794.604020	30100.000000	377.285353	0.283981	0.196422
153.791723	794.604061	28080.000000	377.285333	0.283981	0.196422
153.771398	794.604134	30020.000000	377.285299	0.283981	0.196422
152.813567	794.604193	29240.000000	377.285271	0.283981	0.197710
155.454047	794.604281	27970.000000	377.285229	0.283981	0.197710
153.612624	794.604486	30730.000000	377.285132	0.283981	0.197710
154.584282	794.604603	29480.000000	377.285076	0.283981	0.196422
153.838135	794.604801	28060.000000	377.284982	0.283981	0.197710
154.842795	794.604840	31060.000000	377.284964	0.283981	0.196422
155.467464	794.604922	28060.000000	377.284924	0.283981	0.196422
155.218195	794.605035	27890.000000	377.284871	0.283981	0.196422
155.037416	794.605070	30540.000000	377.284854	0.283981	0.197710
155.475009	794.605160	29050.000000	377.284811	0.283981	0.196422
154.044041	794.605353	29280.000000	377.284720	0.283981	0.196422
154.187611	794.605553	27540.000000	377.284625	0.283981	0.196422
154.697474	794.605642	27830.000000	377.284583	0.283981	0.196422
154.506329	794.605751	27930.000000	377.284531	0.283981	0.196422
153.442914	794.605892	26190.000000	377.284464	0.283981	0.197710
153.786420	794.605992	24230.000000	377.284416	0.283981	0.197710
153.503558	794.606032	26570.000000	377.284397	0.283981	0.197710
153.898926	794.606094	27510.000000	377.284368	0.283981	0.197710
153.639844	794.606181	24860.000000	377.284327	0.283981	0.196422
152.312751	794.606234	20800.000000	377.284301	0.283981	0.197710
154.869127	794.606401	21060.000000	377.284222	0.283981	0.197710
154.400777	794.606534	23720.000000	377.284159	0.283981	0.197710
153.498822	794.606663	23560.000000	377.284098	0.283981	0.197710
152.951380	794.606893	18920.000000	377.283989	0.283981	0.196422
155.216690	794.606970	20200.000000	377.283952	0.283981	0.197710
153.962026	794.607048	24040.000000	377.283915	0.283981	0.197710
152.915857	794.607150	25350.000000	377.283867	0.283981	0.197710
152.880172	794.607194	27430.000000	377.283846	0.283981	0.197710
155.336612	794.607347	25650.000000	377.283773	0.283981	0.197710
155.600272	794.607482	28280.000000	377.283709	0.283981	0.196422
154.862746	794.607550	28960.000000	377.283677	0.283981	0.197710
156.285348	794.607691	28560.000000	377.283610	0.283981	0.197710
155.402301	794.607833	28820.000000	377.283542	0.283981	0.197710
154.147829	794.607940	30390.000000	377.283492	0.283981	0.197710
154.822154	794.608071	28910.000000	377.283430	0.283981	0.197710
155.239933	794.608114	28020.000000	377.283409	0.283981	0.197710
154.199620	794.608208	28590.000000	377.283365	0.283981	0.197710
155.890056	794.608286	29180.000000	377.283327	0.283981	0.197710
154.792487	794.608366	28990.000000	377.283289	0.283981	0.197710
154.941157	794.608296	27460.000000	377.283323	0.283981	0.197710
154.764357	794.608238	29350.000000	377.283350	0.283981	0.197710
155.424508	794.608173	28470.000000	377.283381	0.283981	0.196422
155.304437	794.608096	29400.000000	377.283417	0.283981	0.196422
154.152114	794.608057	29360.000000	377.283436	0.283981	0.196422
155.334863	794.607929	27700.000000	377.283497	0.283981	0.196422
155.276213	794.607794	28070.000000	377.283561	0.283981	0.196422
154.673213	794.607673	28460.000000	377.283618	0.283981	0.196422
155.179412	794.607544	27670.000000	377.283680	0.283981	0.196422
155.695267	794.607501	28070.000000	377.283700	0.282694	0.196422
155.417296	794.607420	28980.000000	377.283738	0.283981	0.196422
155.402673	794.607233	27780.000000	377.283827	0.283981	0.196422
155.425893	794.607188	27940.000000	377.283848	0.283981	0.197710
153.503013	794.607107	28890.000000	377.283887	0.283981	0.196422
154.310159	794.607033	27160.000000	377.283922	0.283981	0.197710
154.929565	794.606946	25970.000000	377.283963	0.283981	0.196422
155.136043	794.606705	22110.000000	377.284078	0.283981	0.196422
155.153138	794.606619	21870.000000	377.284119	0.283981	0.197710
154.667495	794.606526	25340.000000	377.284163	0.283981	0.196422
154.151217	794.606337	26180.000000	377.284253	0.283981	0.196422
154.244557	794.606264	19800.000000	377.284287	0.282694	0.196422
154.246282	794.606164	20630.000000	377.284335	0.283981	0.196422
153.314231	794.606095	22920.000000	377.284367	0.283981	0.197710
154.273562	794.606038	26250.000000	377.284395	0.283981	0.196422
153.732311	794.605908	27300.000000	377.284457	0.282694	0.196422
152.836660	794.605756	23380.000000	377.284529	0.283981	0.197710
153.107935	794.605661	25760.000000	377.284574	0.283981	0.197710
152.695677	794.605615	26450.000000	377.284595	0.283981	0.196422
153.025372	794.605477	29030.000000	377.284661	0.283981	0.197710
153.648489	794.605323	28900.000000	377.284734	0.283981	0.196422
153.729665	794.605216	27790.000000	377.284785	0.282694	0.197710
151.974870	794.605121	28270.000000	377.284830	0.283981	0.197710
153.450393	794.605020	29970.000000	377.284878	0.283981	0.196422
151.766409	794.604910	27270.000000	377.284930	0.283981	0.197710
152.890917	794.604778	29700.000000	377.284993	0.283981	0.197710
152.792609	794.604632	28380.000000	377.285062	0.283981	0.197710
152.652523	794.604522	28700.000000	377.285115	0.283981	0.196422
153.958401	794.604339	30460.000000	377.285201	0.283981	0.196422
153.028194	794.604263	30580.000000	377.285237	0.283981	0.197710
152.085055	794.604201	29760.000000	377.285267	0.282694	0.197710
154.540089	794.604118	31950.000000	377.285306	0.282694	0.197710
153.433653	794.604068	33450.000000	377.285330	0.283981	0.197710
154.115796	794.604011	34220.000000	377.285357	0.283981	0.197710
152.094979	794.603832	34490.000000	377.285442	0.283981	0.197710
156.449156	794.603758	33730.000000	377.285477	0.282694	0.197710
153.876254	794.603581	34810.000000	377.285561	0.283981	0.197710
151.937408	794.603456	33890.000000	377.285621	0.283981	0.197710
152.168737	794.603298	33760.000000	377.285696	0.283981	0.197710
153.467926	794.603171	34050.000000	377.285756	0.282694	0.197710
153.652102	794.603111	34670.000000	377.285784	0.282694	0.197710
152.944646	794.603158	34570.000000	377.285762	0.282694	0.197710
151.588414	794.603251	33900.000000	377.285718	0.282694	0.197710
153.709127	794.603330	35180.000000	377.285681	0.283981	0.197710
150.882942	794.603556	34020.000000	377.285573	0.282694	0.197710
151.991131	794.603694	33120.000000	377.285508	0.282694	0.197710
153.106021	794.603769	33370.000000	377.285472	0.282694	0.197710
152.805822	794.603866	33660.000000	377.285426	0.283981	0.197710
154.309641	794.603948	34580.000000	377.285387	0.282694	0.197710
155.203189	794.604025	32980.000000	377.285350	0.282694	0.197710
155.373370	794.604119	32930.000000	377.285306	0.282694	0.197710
155.283279	794.604150	33400.000000	377.285291	0.282694	0.198997
155.255718	794.604203	33160.000000	377.285266	0.283981	0.198997
155.140554	794.604293	33010.000000	377.285223	0.282694	0.198997
153.669154	794.604416	32920.000000	377.285165	0.283981	0.198997
155.740730	794.604644	31870.000000	377.285056	0.283981	0.198997
155.458237	794.604712	32400.000000	377.285024	0.282694	0.198997
153.296430	794.604808	32950.000000	377.284979	0.282694	0.198997
155.033365	794.604962	32680.000000	377.284906	0.283981	0.198997
153.470289	794.605037	32920.000000	377.284870	0.282694	0.198997
152.771649	794.605143	32360.000000	377.284820	0.282694	0.198997
154.739884	794.605240	31690.000000	377.284773	0.282694	0.198997
154.443204	794.605313	31090.000000	377.284739	0.282694	0.198997
153.691146	794.605572	31120.000000	377.284616	0.282694	0.198997
154.509391	794.605628	31080.000000	377.284589	0.282694	0.198997
153.398728	794.605696	30450.000000	377.284557	0.282694	0.198997
153.490097	794.605876	24910.000000	377.284472	0.282694	0.198997
153.614321	794.605981	27210.000000	377.284422	0.283981	0.198997
153.090382	794.606073	29910.000000	377.284378	0.283981	0.198997
155.161029	794.606121	29790.000000	377.284355	0.282694	0.198997
155.065380	794.606188	26710.000000	377.284323	0.282694	0.198997
153.846705	794.606305	19210.000000	377.284268	0.282694	0.200285
154.230979	794.606369	24060.000000	377.284237	0.282694	0.198997
155.678622	794.606588	27990.000000	377.284133	0.282694	0.198997
156.107255	794.606667	27540.000000	377.284096	0.282694	0.201573
155.326686	794.606870	24220.000000	377.284000	0.282694	0.200285
156.167654	794.607000	24060.000000	377.283938	0.282694	0.200285
155.570663	794.607112	28190.000000	377.283885	0.282694	0.202860
154.284980	794.607164	28680.000000	377.283860	0.282694	0.200285
154.336989	794.607223	27910.000000	377.283832	0.282694	0.204148
154.574479	794.607284	29040.000000	377.283803	0.283981	0.202860
155.455402	794.607496	28610.000000	377.283702	0.282694	0.204148
155.565781	794.607555	29100.000000	377.283675	0.282694	0.202860
156.129453	794.607622	29910.000000	377.283642	0.283981	0.204148
155.199355	794.607842	30760.000000	377.283538	0.282694	0.204148
155.790318	794.607962	30530.000000	377.283481	0.283981	0.204148
156.194685	794.608068	30520.000000	377.283431	0.283981	0.205435
155.247258	794.608148	29900.000000	377.283393	0.282694	0.205435
156.431688	794.608196	29830.000000	377.283370	0.282694	0.205435
156.399845	794.608308	30080.000000	377.283317	0.282694	0.206723
154.601719	794.608368	29850.000000	377.283288	0.283981	0.205435
155.943006	794.608306	28680.000000	377.283318	0.282694	0.206723
156.124852	794.608228	31410.000000	377.283355	0.282694	0.206723
153.647945	794.608162	30860.000000	377.283386	0.282694	0.206723
153.907800	794.608119	31400.000000	377.283406	0.282694	0.206723
154.321737	794.608054	31710.000000	377.283437	0.282694	0.208011
155.273709	794.607954	32210.000000	377.283485	0.282694	0.208011
154.303101	794.607795	31270.000000	377.283560	0.282694	0.209298
154.149264	794.607634	32750.000000	377.283637	0.283981	0.209298
154.022432	794.607568	32650.000000	377.283668	0.282694	0.209298
154.004994	794.607507	33420.000000	377.283697	0.282694	0.209298
155.641546	794.607361	33890.000000	377.283766	0.282694	0.209298
154.682368	794.607254	32190.000000	377.283817	0.282694	0.209298
153.929695	794.607178	33880.000000	377.283853	0.282694	0.209298
154.094504	794.607116	32500.000000	377.283883	0.282694	0.209298
153.216596	794.607032	32010.000000	377.283922	0.282694	0.210586
152.379871	794.606969	32300.000000	377.283952	0.282694	0.210586
153.985454	794.606783	30460.000000	377.284041	0.282694	0.211874
152.077959	794.606578	20450.000000	377.284138	0.282694	0.210586
154.887346	794.606480	28520.000000	377.284185	0.282694	0.210586
151.873404	794.606330	29450.000000	377.284256	0.283981	0.211874
152.085544	794.606261	28900.000000	377.284289	0.282694	0.211874
154.957015	794.606191	27010.000000	377.284322	0.282694	0.211874
152.605933	794.606083	19440.000000	377.284373	0.282694	0.211874
152.243858	794.606022	27340.000000	377.284402	0.282694	0.211874
152.279339	794.605961	31640.000000	377.284431	0.282694	0.213161
152.888583	794.605722	29220.000000	377.284545	0.282694	0.211874
152.429986	794.605675	25400.000000	377.284567	0.282694	0.211874
151.993962	794.605639	30820.000000	377.284584	0.282694	0.213161
153.147522	794.605423	32690.000000	377.284686	0.282694	0.211874
154.116727	794.605339	34690.000000	377.284727	0.282694	0.213161
154.574430	794.605184	34550.000000	377.284800	0.282694	0.213161
154.396948	794.605136	33920.000000	377.284823	0.282694	0.213161
152.124342	794.605035	33920.000000	377.284871	0.282694	0.213161
156.813459	794.604904	34310.000000	377.284933	0.282694	0.213161
153.636149	794.604732	33760.000000	377.285015	0.282694	0.213161
155.668798	794.604670	35300.000000	377.285044	0.282694	0.214449
153.796680	794.604483	34350.000000	377.285133	0.282694	0.213161
154.190359	794.604375	33940.000000	377.285184	0.282694	0.213161
154.464657	794.604230	34360.000000	377.285253	0.282694	0.214449
153.940296	794.604180	34120.000000	377.285277	0.282694	0.214449
153.415533	794.604144	34320.000000	377.285294	0.282694	0.213161
156.226586	794.604084	34080.000000	377.285322	0.282694	0.214449
153.928451	794.603976	36000.000000	377.285374	0.282694	0.214449
154.512393	794.603850	35290.000000	377.285433	0.282694	0.213161
157.052922	794.603737	33680.000000	377.285487	0.282694	0.214449
155.937165	794.603623	34980.000000	377.285541	0.282694	0.214449
156.220977	794.603404	33790.000000	377.285645	0.282694	0.214449
156.679033	794.603275	34640.000000	377.285706	0.282694	0.215737
154.063728	794.603189	33830.000000	377.285747	0.282694	0.214449
152.487731	794.603125	33930.000000	377.285778	0.282694	0.214449
155.563721	794.603171	34760.000000	377.285756	0.282694	0.214449
155.782772	794.603218	35030.000000	377.285734	0.282694	0.214449
152.364665	794.603361	35970.000000	377.285666	0.282694	0.214449
156.025147	794.603475	32800.000000	377.285611	0.282694	0.214449
152.279357	794.603703	34970.000000	377.285503	0.282694	0.214449
154.550553	794.603783	33960.000000	377.285465	0.282694	0.214449
152.778262	794.603850	32790.000000	377.285434	0.282694	0.214449
152.927501	794.603951	34170.000000	377.285386	0.282694	0.214449
153.082793	794.604061	34190.000000	377.285333	0.282694	0.214449
156.028021	794.604121	34660.000000	377.285305	0.282694	0.214449
153.966408	794.604165	32890.000000	377.285284	0.282694	0.214449
153.723043	794.604199	34090.000000	377.285268	0.281406	0.214449
154.664023	794.604339	34520.000000	377.285201	0.282694	0.214449
150.453015	794.604427	35310.000000	377.285160	0.282694	0.213161
155.686222	794.604596	34090.000000	377.285079	0.282694	0.214449
155.235575	794.604714	34430.000000	377.285023	0.281406	0.214449
151.075300	794.604859	34550.000000	377.284954	0.282694	0.214449
151.102430	794.604944	34070.000000	377.284914	0.282694	0.214449
152.342571	794.605057	34020.000000	377.284860	0.282694	0.213161
151.257720	794.605134	33270.000000	377.284824	0.282694	0.213161
152.879686	794.605266	31920.000000	377.284761	0.282694	0.213161
152.027875	794.605331	33730.000000	377.284730	0.282694	0.213161
153.104695	794.605471	33750.000000	377.284664	0.281406	0.213161
152.629971	794.605638	33410.000000	377.284584	0.282694	0.213161
151.953059	794.605714	31460.000000	377.284548	0.282694	0.213161
153.714032	794.605815	25930.000000	377.284501	0.282694	0.213161
153.290090	794.606019	29110.000000	377.284404	0.282694	0.214449
153.676701	794.606055	31640.000000	377.284386	0.282694	0.214449
152.018105	794.606122	30490.000000	377.284355	0.282694	0.213161
155.399948	794.606213	24540.000000	377.284312	0.282694	0.214449
152.744839	794.606287	21980.000000	377.284276	0.282694	0.214449
152.505295	794.606385	29580.000000	377.284230	0.282694	0.214449
155.504968	794.606547	32370.000000	377.284153	0.281406	0.214449
152.964282	794.606628	29080.000000	377.284114	0.282694	0.213161
153.825448	794.606876	24620.000000	377.283997	0.282694	0.213161
153.340434	794.606969	28730.000000	377.283952	0.282694	0.213161
153.330232	794.607125	32310.000000	377.283878	0.282694	0.214449
153.599084	794.607157	32610.000000	377.283863	0.281406	0.214449
156.791868	794.607197	33000.000000	377.283844	0.282694	0.214449
153.872310	794.607333	32800.000000	377.283780	0.281406	0.213161
155.237690	794.607440	33260.000000	377.283729	0.282694	0.213161
155.480908	794.607536	33110.000000	377.283683	0.282694	0.213161
153.628911	794.607661	34170.000000	377.283624	0.282694	0.213161
154.236333	794.607794	35020.000000	377.283561	0.282694	0.213161
155.796384	794.607962	33700.000000	377.283481	0.282694	0.213161
154.030622	794.608082	34090.000000	377.283424	0.282694	0.213161
156.831168	794.608159	33660.000000	377.283388	0.282694	0.213161
156.531301	794.608226	32850.000000	377.283356	0.282694	0.211874
156.730153	794.608272	33170.000000	377.283334	0.282694	0.213161
157.600901	794.608374	34540.000000	377.283285	0.282694	0.213161
155.623409	794.608281	34010.000000	377.283330	0.282694	0.213161
154.794268	794.608224	34280.000000	377.283356	0.282694	0.211874
158.144713	794.608169	33830.000000	377.283383	0.282694	0.213161
157.522554	794.608128	33900.000000	377.283402	0.282694	0.213161
156.653967	794.608057	34230.000000	377.283436	0.281406	0.213161
156.279751	794.607899	34760.000000	377.283511	0.282694	0.213161
155.958939	794.607770	34570.000000	377.283572	0.281406	0.211874
155.864617	794.607658	34130.000000	377.283625	0.282694	0.211874
156.074234	794.607574	35420.000000	377.283665	0.282694	0.211874
155.029236	794.607519	33290.000000	377.283691	0.282694	0.211874
153.082130	794.607371	33820.000000	377.283762	0.282694	0.211874
152.138029	794.607263	34580.000000	377.283813	0.282694	0.211874
154.131025	794.607191	33250.000000	377.283847	0.282694	0.213161
154.483995	794.607108	32860.000000	377.283887	0.281406	0.211874
152.090096	794.607035	32950.000000	377.283921	0.281406	0.211874
153.421922	794.606884	33030.000000	377.283993	0.281406	0.211874
153.274048	794.606694	26890.000000	377.284083	0.282694	0.210586
152.636177	794.606590	23990.000000	377.284132	0.282694	0.211874
153.323322	794.606489	29810.000000	377.284180	0.282694	0.211874
152.434466	794.606324	31960.000000	377.284259	0.282694	0.211874
153.097246	794.606269	31830.000000	377.284285	0.282694	0.210586
152.086741	794.606166	25730.000000	377.284334	0.281406	0.211874
152.353768	794.606063	20070.000000	377.284383	0.282694	0.211874
153.550318	794.606005	30010.000000	377.284410	0.281406	0.210586
152.622490	794.605915	32610.000000	377.284453	0.281406	0.210586
153.418374	794.605756	29420.000000	377.284529	0.281406	0.210586
151.810285	794.605652	26370.000000	377.284578	0.281406	0.210586
151.704232	794.605605	32190.000000	377.284600	0.282694	0.210586
152.381670	794.605487	33100.000000	377.284656	0.282694	0.210586
152.946777	794.605329	33530.000000	377.284731	0.282694	0.210586
152.947442	794.605216	34690.000000	377.284785	0.281406	0.210586
153.935541	794.605134	34310.000000	377.284824	0.281406	0.210586
151.912461	794.604974	34530.000000	377.284900	0.282694	0.210586
153.461964	794.604859	34180.000000	377.284955	0.281406	0.209298
153.122917	794.604684	34560.000000	377.285038	0.281406	0.210586
153.940267	794.604619	34050.000000	377.285069	0.282694	0.210586
154.742378	794.604507	35070.000000	377.285122	0.281406	0.209298
154.904776	794.604331	35520.000000	377.285205	0.281406	0.209298
154.611072	794.604267	33690.000000	377.285235	0.282694	0.209298
154.839451	794.604200	35650.000000	377.285267	0.281406	0.208011
155.961644	794.604119	34410.000000	377.285306	0.282694	0.208011
155.379869	794.604055	34930.000000	377.285336	0.282694	0.206723
155.390037	794.603935	34460.000000	377.285393	0.282694	0.208011
155.500341	794.603789	35550.000000	377.285462	0.281406	0.206723
155.951147	794.603737	35470.000000	377.285487	0.281406	0.206723
155.371626	794.603567	35830.000000	377.285568	0.282694	0.205435
155.627680	794.603452	34760.000000	377.285622	0.281406	0.206723
153.605691	794.603351	34250.000000	377.285671	0.282694	0.205435
154.099689	794.603182	34110.000000	377.285751	0.282694	0.205435
153.285766	794.603136	34850.000000	377.285773	0.282694	0.205435
153.031005	794.603182	34260.000000	377.285751	0.282694	0.205435
153.836503	794.603230	33650.000000	377.285728	0.282694	0.205435
152.040710	794.603369	35230.000000	377.285662	0.282694	0.205435
153.872590	794.603505	35990.000000	377.285597	0.282694	0.204148
152.306683	794.603648	34380.000000	377.285529	0.282694	0.204148
154.272205	794.603734	33950.000000	377.285489	0.281406	0.202860
153.034832	794.603827	33990.000000	377.285445	0.281406	0.204148
152.670237	794.603954	34410.000000	377.285384	0.281406	0.202860
153.416294	794.604044	34070.000000	377.285341	0.281406	0.202860
152.422722	794.604103	34050.000000	377.285313	0.281406	0.202860
154.905014	794.604152	33560.000000	377.285290	0.281406	0.202860
153.983342	794.604216	33870.000000	377.285260	0.281406	0.201573
153.509123	794.604280	34320.000000	377.285229	0.281406	0.202860
153.895339	794.604380	33300.000000	377.285182	0.281406	0.204148
155.167532	794.604595	33570.000000	377.285080	0.281406	0.201573
152.313487	794.604671	32800.000000	377.285044	0.281406	0.202860
153.439573	794.604822	33570.000000	377.284972	0.281406	0.201573
155.273267	794.604959	34170.000000	377.284907	0.281406	0.201573
154.173201	794.605038	33080.000000	377.284869	0.281406	0.201573
153.258553	794.605131	34540.000000	377.284825	0.281406	0.201573
156.096532	794.605254	33150.000000	377.284767	0.282694	0.200285
153.717987	794.605316	32840.000000	377.284738	0.281406	0.200285
155.214873	794.605539	33560.000000	377.284631	0.281406	0.200285
154.850467	794.605606	31860.000000	377.284600	0.281406	0.200285
155.292356	794.605693	30830.000000	377.284558	0.281406	0.200285
153.896129	794.605826	26580.000000	377.284495	0.281406	0.200285
155.784337	794.605949	28930.000000	377.284437	0.281406	0.200285
156.008624	794.606065	30650.000000	377.284382	0.282694	0.198997
155.465633	794.606105	30890.000000	377.284363	0.281406	0.197710
155.838608	794.606161	26490.000000	377.284336	0.281406	0.198997
156.587568	794.606291	19230.000000	377.284274	0.281406	0.198997
154.335010	794.606350	26500.000000	377.284246	0.281406	0.198997
154.923731	794.606540	31530.000000	377.284156	0.281406	0.200285
156.052664	794.606637	28880.000000	377.284110	0.281406	0.198997
153.996992	794.606759	26350.000000	377.284052	0.281406	0.198997
154.384117	794.606949	25710.000000	377.283962	0.281406	0.198997
154.939110	794.607082	29500.000000	377.283899	0.281406	0.198997
154.768717	794.607143	31690.000000	377.283870	0.281406	0.198997
154.295321	794.607208	31880.000000	377.283839	0.281406	0.198997
154.155598	794.607307	31740.000000	377.283792	0.282694	0.197710
155.272274	794.607471	32970.000000	377.283714	0.281406	0.198997
154.767649	794.607532	31930.000000	377.283685	0.282694	0.197710
155.262642	794.607616	33540.000000	377.283645	0.281406	0.197710
155.316591	794.607807	33420.000000	377.283555	0.281406	0.197710
156.127440	794.607928	33030.000000	377.283497	0.281406	0.197710
155.487918	794.608060	33470.000000	377.283434	0.281406	0.198997
154.549625	794.608151	33230.000000	377.283391	0.281406	0.197710
152.758196	794.608186	33560.000000	377.283375	0.281406	0.196422
153.689475	794.608290	33480.000000	377.283325	0.281406	0.196422
153.836701	794.608354	33770.000000	377.283295	0.281406	0.197710
152.545044	794.608280	32490.000000	377.283330	0.281406	0.197710
154.102611	794.608223	31890.000000	377.283357	0.281406	0.197710
155.720219	794.608181	31900.000000	377.283377	0.281406	0.197710
154.023603	794.608089	33170.000000	377.283421	0.281406	0.197710
152.024667	794.608021	33400.000000	377.283453	0.281406	0.197710
153.930482	794.607927	32920.000000	377.283498	0.281406	0.196422
155.313022	794.607768	33770.000000	377.283573	0.281406	0.197710
155.641450	794.607640	33760.000000	377.283634	0.281406	0.196422
154.131534	794.607567	32620.000000	377.283669	0.281406	0.196422
154.688871	794.607498	33760.000000	377.283701	0.281406	0.196422
154.470562	794.607419	32550.000000	377.283739	0.281406	0.196422
154.419011	794.607232	33220.000000	377.283828	0.281406	0.197710
153.526616	794.607190	33440.000000	377.283848	0.281406	0.196422
153.573107	794.607137	32320.000000	377.283873	0.281406	0.196422
152.619606	794.606998	32350.000000	377.283939	0.281406	0.196422
151.124858	794.606905	30920.000000	377.283983	0.281406	0.196422
151.650737	794.606750	26370.000000	377.284056	0.281406	0.196422
153.706438	794.606592	23520.000000	377.284132	0.281406	0.196422
152.140367	794.606490	29600.000000	377.284180	0.281406	0.196422
153.141033	794.606322	29960.000000	377.284260	0.281406	0.196422
153.153852	794.606265	28490.000000	377.284287	0.281406	0.196422
152.262617	794.606163	22450.000000	377.284335	0.281406	0.196422
153.050966	794.606070	24650.000000	377.284379	0.281406	0.196422
153.092102	794.606023	30060.000000	377.284402	0.281406	0.196422
152.529778	794.605941	31400.000000	377.284440	0.281406	0.195134
151.738419	794.605703	28340.000000	377.284554	0.281406	0.195134
151.995969	794.605650	28790.000000	377.284579	0.281406	0.195134
151.782465	794.605590	31140.000000	377.284607	0.281406	0.196422
154.014269	794.605448	31870.000000	377.284675	0.281406	0.196422
152.831732	794.605334	33160.000000	377.284729	0.281406	0.195134
150.796353	794.605205	32990.000000	377.284790	0.281406	0.196422
150.819587	794.605103	32250.000000	377.284838	0.281406	0.195134
151.854984	794.605011	32620.000000	377.284882	0.281406	0.195134
152.985219	794.604809	32500.000000	377.284978	0.280118	0.195134
151.125895	794.604708	33200.000000	377.285026	0.281406	0.196422
152.977115	794.604591	32810.000000	377.285082	0.281406	0.195134
152.801873	794.604497	32420.000000	377.285126	0.281406	0.195134
151.007338	794.604409	33610.000000	377.285168	0.281406	0.195134
152.305364	794.604236	33420.000000	377.285250	0.281406	0.196422
152.583550	794.604195	32510.000000	377.285269	0.281406	0.196422
151.672410	794.604147	32810.000000	377.285293	0.281406	0.196422
153.212591	794.604031	33380.000000	377.285347	0.281406	0.195134
152.475200	794.603950	33960.000000	377.285386	0.281406	0.195134
152.920748	794.603761	33040.000000	377.285476	0.281406	0.195134
156.699998	794.603735	33390.000000	377.285488	0.281406	0.195134
154.917970	794.603627	35110.000000	377.285539	0.281406	0.195134
152.255651	794.603434	33760.000000	377.285631	0.281406	0.195134
153.919321	794.603277	33170.000000	377.285706	0.281406	0.195134
150.849626	794.603186	33250.000000	377.285749	0.281406	0.195134
152.869352	794.603127	34980.000000	377.285777	0.281406	0.195134
151.750530	794.603165	33840.000000	377.285759	0.281406	0.193847
151.597322	794.603229	34880.000000	377.285728	0.281406	0.195134
152.652592	794.603360	33990.000000	377.285666	0.280118	0.200285
151.971348	794.603488	33770.000000	377.285606	0.281406	0.198997
151.610533	794.603692	34010.000000	377.285508	0.281406	0.198997
151.885357	794.603755	33650.000000	377.285478	0.281406	0.198997
151.527313	794.603790	35330.000000	377.285462	0.281406	0.197710
151.866660	794.603957	34130.000000	377.285383	0.281406	0.197710
150.734410	794.604026	34610.000000	377.285350	0.281406	0.197710
150.987397	794.604097	33650.000000	377.285316	0.281406	0.197710
150.821059	794.604151	34830.000000	377.285291	0.281406	0.197710
150.475283	794.604199	34740.000000	377.285268	0.280118	0.196422
150.287420	794.604291	34840.000000	377.285224	0.281406	0.196422
151.224152	794.604382	33430.000000	377.285181	0.281406	0.196422
152.505087	794.604552	34660.000000	377.285100	0.280118	0.196422
152.090428	794.604684	34970.000000	377.285037	0.281406	0.196422
152.562329	794.604792	33430.000000	377.284986	0.281406	0.195134
155.386321	794.604941	34110.000000	377.284915	0.281406	0.196422
153.175135	794.605054	33910.000000	377.284862	0.281406	0.196422
153.849661	794.605123	33830.000000	377.284829	0.281406	0.196422
156.424102	794.605241	33480.000000	377.284773	0.280118	0.196422
156.757134	794.605336	33600.000000	377.284728	0.280118	0.196422
154.726911	794.605431	33660.000000	377.284683	0.281406	0.196422
155.833695	794.605634	33880.000000	377.284586	0.281406	0.196422
156.739528	794.605690	33100.000000	377.284560	0.281406	0.196422
155.879332	794.605838	29650.000000	377.284490	0.281406	0.196422
156.940229	794.605993	26750.000000	377.284416	0.280118	0.196422
156.440506	794.606038	31620.000000	377.284394	0.281406	0.196422
154.723645	794.606108	30590.000000	377.284362	0.281406	0.196422
154.876292	794.606192	28360.000000	377.284322	0.281406	0.196422
154.999077	794.606278	20050.000000	377.284281	0.280118	0.196422
154.535778	794.606367	26480.000000	377.284238	0.281406	0.195134
153.383950	794.606537	29590.000000	377.284157	0.280118	0.196422
152.308429	794.606645	30350.000000	377.284106	0.280118	0.196422
153.103705	794.606792	28040.000000	377.284037	0.280118	0.195134
153.172773	794.606935	25400.000000	377.283969	0.281406	0.196422
153.369020	794.607085	30490.000000	377.283898	0.281406	0.196422
154.506515	794.607155	32530.000000	377.283864	0.281406	0.195134
152.427065	794.607194	32410.000000	377.283846	0.281406	0.195134
152.316849	794.607329	33570.000000	377.283782	0.281406	0.195134
152.372587	794.607467	33100.000000	377.283716	0.281406	0.195134
152.272786	794.607565	32520.000000	377.283669	0.281406	0.195134
152.614361	794.607645	32910.000000	377.283631	0.281406	0.195134
153.717184	794.607722	33650.000000	377.283595	0.281406	0.196422
153.404023	794.607948	33990.000000	377.283488	0.280118	0.195134
153.411242	794.608024	33360.000000	377.283452	0.281406	0.195134
154.117930	794.608139	33940.000000	377.283397	0.281406	0.195134
152.763898	794.608215	33990.000000	377.283361	0.280118	0.195134
152.719906	794.608263	33530.000000	377.283338	0.280118	0.195134
151.875553	794.608340	33110.000000	377.283302	0.281406	0.195134
152.319186	794.608277	32600.000000	377.283332	0.280118	0.195134
153.083016	794.608241	33150.000000	377.283349	0.280118	0.196422
151.978701	794.608167	32660.000000	377.283384	0.281406	0.195134
152.331934	794.608112	33910.000000	377.283410	0.280118	0.195134
153.222107	794.608014	33660.000000	377.283456	0.281406	0.195134
153.544262	794.607872	33380.000000	377.283524	0.280118	0.196422
151.976883	794.607744	34530.000000	377.283584	0.280118	0.195134
152.694210	794.607612	33170.000000	377.283647	0.280118	0.195134
152.588497	794.607572	33670.000000	377.283666	0.280118	0.195134
153.368879	794.607533	32760.000000	377.283685	0.280118	0.195134
152.527427	794.607369	34240.000000	377.283762	0.280118	0.195134
152.600492	794.607267	34410.000000	377.283811	0.281406	0.195134
152.688665	794.607219	32140.000000	377.283834	0.280118	0.195134
154.125908	794.607108	32910.000000	377.283886	0.280118	0.195134
152.112222	794.607001	33600.000000	377.283937	0.280118	0.196422
153.191154	794.606799	31410.000000	377.284033	0.281406	0.195134
152.139791	794.606680	21490.000000	377.284090	0.280118	0.195134
153.161249	794.606615	22980.000000	377.284121	0.280118	0.195134
154.287876	794.606461	29190.000000	377.284194	0.280118	0.195134
153.112919	794.606351	31960.000000	377.284246	0.280118	0.195134
154.898724	794.606290	29510.000000	377.284275	0.280118	0.195134
153.093762	794.606171	22900.000000	377.284332	0.280118	0.195134
154.462390	794.606095	20630.000000	377.284367	0.280118	0.193847
152.867418	794.606004	29870.000000	377.284411	0.280118	0.195134
152.378795	794.605846	31430.000000	377.284486	0.280118	0.195134
155.411891	794.605732	26650.000000	377.284540	0.280118	0.195134
154.512647	794.605677	27410.000000	377.284566	0.280118	0.195134
154.485836	794.605625	31870.000000	377.284591	0.280118	0.195134
154.507292	794.605453	32010.000000	377.284672	0.280118	0.195134
153.032675	794.605329	33870.000000	377.284731	0.280118	0.195134
153.595840	794.605219	34070.000000	377.284784	0.280118	0.195134
153.217150	794.605103	34340.000000	377.284839	0.280118	0.195134
152.983817	794.604971	34170.000000	377.284901	0.280118	0.195134
153.866859	794.604835	34780.000000	377.284966	0.280118	0.195134
152.655228	794.604691	33550.000000	377.285034	0.280118	0.195134
153.192028	794.604616	32970.000000	377.285070	0.280118	0.195134
154.384483	794.604528	35250.000000	377.285112	0.280118	0.195134
151.605232	794.604345	35390.000000	377.285198	0.280118	0.193847
151.434815	794.604271	35370.000000	377.285233	0.280118	0.195134
152.501638	794.604177	35040.000000	377.285278	0.280118	0.195134
152.426179	794.604124	35820.000000	377.285304	0.280118	0.195134
153.705119	794.604063	36520.000000	377.285332	0.280118	0.195134
151.819576	794.603884	35390.000000	377.285417	0.280118	0.195134
151.044815	794.603807	34840.000000	377.285454	0.280118	0.195134
151.188882	794.603753	34980.000000	377.285479	0.280118	0.193847
150.886466	794.603537	35710.000000	377.285582	0.280118	0.195134
153.083188	794.603407	34770.000000	377.285644	0.280118	0.195134
151.411217	794.603250	34010.000000	377.285719	0.280118	0.196422
151.876486	794.603173	35190.000000	377.285755	0.280118	0.195134
153.746550	794.603105	35670.000000	377.285787	0.280118	0.195134
155.831628	794.603179	34070.000000	377.285752	0.280118	0.195134
156.604903	794.603228	34430.000000	377.285729	0.281406	0.195134
157.012180	794.603296	34600.000000	377.285697	0.280118	0.193847
157.645429	794.603472	34380.000000	377.285613	0.280118	0.195134
155.915498	794.603602	34840.000000	377.285551	0.280118	0.195134
153.560441	794.603770	34060.000000	377.285472	0.280118	0.195134
154.656329	794.603822	33280.000000	377.285447	0.280118	0.195134
152.453819	794.603882	32770.000000	377.285418	0.280118	0.195134
152.935663	794.604039	32950.000000	377.285344	0.280118	0.195134
153.286810	794.604084	33640.000000	377.285322	0.280118	0.195134
153.341619	794.604119	33100.000000	377.285306	0.280118	0.195134
152.989510	794.604190	33630.000000	377.285272	0.280118	0.195134
151.744957	794.604242	34660.000000	377.285247	0.280118	0.195134
151.967873	794.604388	33070.000000	377.285178	0.280118	0.195134
151.606320	794.604601	33190.000000	377.285077	0.280118	0.195134
150.351489	794.604671	32710.000000	377.285044	0.280118	0.195134
153.027612	794.604850	33490.000000	377.284959	0.280118	0.195134
151.791866	794.604913	33380.000000	377.284929	0.280118	0.195134
151.985397	794.605006	33620.000000	377.284885	0.280118	0.193847
154.167317	794.605118	32700.000000	377.284832	0.280118	0.195134
154.415603	794.605183	32360.000000	377.284800	0.280118	0.195134
155.793638	794.605323	32330.000000	377.284734	0.280118	0.193847
155.329023	794.605465	32280.000000	377.284666	0.280118	0.195134
157.501838	794.605610	32290.000000	377.284598	0.280118	0.195134
158.749115	794.605701	32860.000000	377.284555	0.280118	0.195134
157.591808	794.605800	29970.000000	377.284507	0.280118	0.193847
157.555138	794.605962	25760.000000	377.284431	0.280118	0.193847
157.936667	794.606038	30860.000000	377.284394	0.280118	0.195134
158.139960	794.606081	30500.000000	377.284374	0.280118	0.195134
155.264130	794.606172	28570.000000	377.284331	0.280118	0.193847
156.395757	794.606245	23360.000000	377.284296	0.280118	0.193847
155.526061	794.606305	18900.000000	377.284268	0.280118	0.193847
155.106542	794.606556	26810.000000	377.284149	0.280118	0.193847
153.863247	794.606702	28300.000000	377.284080	0.280118	0.195134
154.867697	794.606852	19810.000000	377.284008	0.280118	0.193847
154.054762	794.606903	23530.000000	377.283984	0.280118	0.193847
152.521129	794.606945	27800.000000	377.283964	0.280118	0.195134
154.155492	794.607102	28970.000000	377.283890	0.280118	0.195134
152.914971	794.607232	30820.000000	377.283828	0.280118	0.193847
152.569590	794.607422	30820.000000	377.283737	0.280118	0.193847
152.490475	794.607482	33630.000000	377.283709	0.280118	0.193847
152.301092	794.607519	32670.000000	377.283692	0.280118	0.193847
152.638400	794.607615	32290.000000	377.283646	0.280118	0.193847
151.632742	794.607786	32040.000000	377.283565	0.280118	0.193847
152.996357	794.607904	31900.000000	377.283509	0.280118	0.193847
152.262620	794.608008	31350.000000	377.283459	0.280118	0.193847
154.300182	794.608102	32090.000000	377.283415	0.280118	0.193847
154.304140	794.608187	32410.000000	377.283374	0.280118	0.193847
152.763451	794.608365	31380.000000	377.283290	0.280118	0.193847
155.560562	794.608481	32370.000000	377.283235	0.280118	0.193847
156.468905	794.608277	31700.000000	377.283331	0.280118	0.193847
157.854226	794.608150	30870.000000	377.283392	0.280118	0.193847
157.455325	794.608093	31720.000000	377.283419	0.280118	0.193847
158.047865	794.608033	31280.000000	377.283447	0.280118	0.193847
158.316862	794.607972	31970.000000	377.283476	0.280118	0.193847
155.715300	794.607909	30230.000000	377.283506	0.280118	0.193847
156.365928	794.607828	31410.000000	377.283545	0.280118	0.193847
157.209123	794.607781	30710.000000	377.283567	0.280118	0.193847
156.677360	794.607702	31980.000000	377.283605	0.280118	0.193847
155.461142	794.607513	31130.000000	377.283694	0.280118	0.193847
156.441673	794.607358	32290.000000	377.283768	0.280118	0.193847
155.102052	794.607170	30760.000000	377.283857	0.280118	0.193847
156.935124	794.607118	30220.000000	377.283882	0.280118	0.193847
153.972291	794.607030	31670.000000	377.283924	0.278831	0.192559
153.619286	794.606966	29850.000000	377.283954	0.278831	0.193847
155.826706	794.606932	29110.000000	377.283970	0.280118	0.192559
153.981485	794.606786	25960.000000	377.284039	0.280118	0.193847
154.539464	794.606643	19650.000000	377.284107	0.280118	0.193847
156.180849	794.606447	25210.000000	377.284200	0.280118	0.193847
153.565192	794.606247	27200.000000	377.284295	0.278831	0.193847
154.287329	794.606196	19140.000000	377.284319	0.280118	0.193847
154.719920	794.606119	22490.000000	377.284356	0.280118	0.192559
155.289513	794.606048	27870.000000	377.284390	0.280118	0.193847
154.270205	794.606004	29290.000000	377.284411	0.280118	0.193847
156.174296	794.605902	29410.000000	377.284459	0.278831	0.193847
155.495906	794.605766	29050.000000	377.284524	0.278831	0.193847
153.148025	794.605657	25790.000000	377.284576	0.278831	0.193847
154.383582	794.605600	29850.000000	377.284603	0.280118	0.196422
153.419371	794.605413	31300.000000	377.284691	0.280118	0.195134
153.329398	794.605276	31260.000000	377.284757	0.280118	0.195134
152.413637	794.605094	31440.000000	377.284843	0.280118	0.195134
154.531151	794.605041	32360.000000	377.284868	0.278831	0.195134
152.667604	794.604932	31590.000000	377.284920	0.280118	0.193847
154.679208	794.604859	32830.000000	377.284954	0.280118	0.192559
154.559058	794.604773	32530.000000	377.284995	0.278831	0.195134
152.892887	794.604655	32450.000000	377.285051	0.280118	0.193847
154.842304	794.604527	32380.000000	377.285112	0.280118	0.193847
155.168682	794.604361	32410.000000	377.285191	0.280118	0.193847
153.801975	794.604176	32410.000000	377.285279	0.280118	0.193847
155.076897	794.604119	32750.000000	377.285306	0.280118	0.193847
151.887734	794.604033	32620.000000	377.285346	0.280118	0.193847
152.496658	794.603986	32840.000000	377.285369	0.280118	0.193847
151.912782	794.603927	33760.000000	377.285397	0.280118	0.192559
151.265767	794.603786	34510.000000	377.285464	0.280118	0.192559
151.724703	794.603752	34230.000000	377.285480	0.280118	0.193847
152.008404	794.603696	34030.000000	377.285507	0.278831	0.193847
151.806105	794.603416	35900.000000	377.285640	0.280118	0.193847
152.450589	794.603209	34310.000000	377.285738	0.280118	0.192559
152.031523	794.603105	34300.000000	377.285787	0.278831	0.192559
151.906015	794.603057	34850.000000	377.285810	0.280118	0.192559
152.055494	794.603117	34230.000000	377.285782	0.280118	0.193847
151.219476	794.603183	34720.000000	377.285750	0.280118	0.192559
152.901106	794.603296	34360.000000	377.285696	0.280118	0.193847
153.745319	794.603504	33870.000000	377.285598	0.280118	0.193847
153.562535	794.603706	35050.000000	377.285502	0.280118	0.193847
154.677943	794.603762	35320.000000	377.285475	0.280118	0.192559
152.373780	794.603813	34210.000000	377.285451	0.280118	0.193847
155.130514	794.603875	35430.000000	377.285422	0.278831	0.193847
153.350279	794.603953	35080.000000	377.285385	0.278831	0.192559
155.246868	794.604044	34760.000000	377.285341	0.278831	0.192559
154.989147	794.604091	35810.000000	377.285319	0.280118	0.192559
156.307475	794.604133	35360.000000	377.285299	0.278831	0.193847
153.339032	794.604230	34620.000000	377.285253	0.280118	0.192559
154.785800	794.604383	34840.000000	377.285181	0.278831	0.193847
156.211582	794.604658	35190.000000	377.285050	0.278831	0.193847
156.615179	794.604695	35960.000000	377.285032	0.278831	0.192559
157.082511	794.604795	35540.000000	377.284985	0.280118	0.193847
156.729299	794.604904	34730.000000	377.284933	0.280118	0.192559
155.977499	794.604967	34270.000000	377.284903	0.280118	0.193847
157.007014	794.605063	36200.000000	377.284857	0.278831	0.192559
156.271274	794.605170	35770.000000	377.284807	0.278831	0.193847
156.315376	794.605266	35350.000000	377.284761	0.280118	0.192559
157.216472	794.605545	33940.000000	377.284629	0.278831	0.193847
156.246766	794.605622	34520.000000	377.284592	0.280118	0.192559
157.097954	794.605666	34550.000000	377.284571	0.278831	0.193847
157.846019	794.605807	29420.000000	377.284504	0.278831	0.193847
157.684857	794.605959	28070.000000	377.284432	0.278831	0.193847
156.565317	794.606016	33340.000000	377.284405	0.280118	0.193847
157.182509	794.606082	32300.000000	377.284374	0.278831	0.192559
156.208603	794.606136	28770.000000	377.284348	0.280118	0.193847
155.316243	794.606254	21560.000000	377.284292	0.278831	0.193847
156.002219	794.606338	26430.000000	377.284252	0.278831	0.192559
155.004480	794.606533	31990.000000	377.284159	0.278831	0.193847
155.058866	794.606697	29330.000000	377.284082	0.280118	0.193847
155.054833	794.606845	24680.000000	377.284011	0.278831	0.193847
155.674345	794.606916	29850.000000	377.283978	0.278831	0.193847
155.935416	794.607037	33140.000000	377.283920	0.278831	0.193847
154.746948	794.607111	34260.000000	377.283885	0.278831	0.193847
158.278160	794.607166	34120.000000	377.283859	0.280118	0.193847
157.796954	794.607245	33310.000000	377.283822	0.278831	0.193847
152.542710	794.607412	33220.000000	377.283742	0.280118	0.193847
154.492443	794.607530	34620.000000	377.283686	0.278831	0.193847
157.100148	794.607653	34850.000000	377.283628	0.280118	0.193847
154.212550	794.607802	35640.000000	377.283557	0.278831	0.193847
153.217912	794.607916	35680.000000	377.283503	0.278831	0.195134
153.072005	794.607980	34170.000000	377.283473	0.278831	0.193847
152.505265	794.608126	35300.000000	377.283403	0.278831	0.193847
152.933808	794.608184	34750.000000	377.283376	0.278831	0.193847
151.794330	794.608235	33810.000000	377.283352	0.280118	0.193847
152.627297	794.608331	34510.000000	377.283306	0.278831	0.195134
153.834707	794.608271	33650.000000	377.283334	0.278831	0.193847
152.673869	794.608220	33480.000000	377.283359	0.280118	0.193847
152.576342	794.608158	33560.000000	377.283388	0.278831	0.195134
155.755462	794.608087	34000.000000	377.283422	0.278831	0.193847
150.343480	794.607955	33810.000000	377.283484	0.280118	0.193847
153.970456	794.607887	34640.000000	377.283517	0.278831	0.193847
152.398970	794.607736	34480.000000	377.283588	0.280118	0.193847
154.693191	794.607631	35110.000000	377.283638	0.278831	0.193847
154.012313	794.607570	34260.000000	377.283667	0.278831	0.195134
156.549221	794.607519	35590.000000	377.283691	0.278831	0.195134
153.541672	794.607339	33130.000000	377.283777	0.280118	0.195134
154.720533	794.607247	32740.000000	377.283821	0.278831	0.195134
156.357681	794.607175	33760.000000	377.283855	0.278831	0.195134
156.030299	794.607110	32220.000000	377.283886	0.278831	0.195134
155.940850	794.606994	32610.000000	377.283941	0.278831	0.195134
155.577155	794.606767	31150.000000	377.284048	0.278831	0.193847
155.925695	794.606671	22490.000000	377.284094	0.278831	0.195134
152.735507	794.606598	24680.000000	377.284129	0.278831	0.195134
154.084236	794.606395	28770.000000	377.284225	0.278831	0.195134
153.902816	794.606333	29910.000000	377.284254	0.278831	0.195134
155.106305	794.606232	27440.000000	377.284302	0.278831	0.193847
155.999635	794.606135	20320.000000	377.284349	0.278831	0.195134
154.668431	794.606083	27210.000000	377.284373	0.278831	0.193847
155.222713	794.605972	30520.000000	377.284426	0.278831	0.195134
154.318063	794.605829	29900.000000	377.284494	0.278831	0.195134
153.257058	794.605735	23540.000000	377.284539	0.280118	0.195134
153.896064	794.605637	28940.000000	377.284585	0.278831	0.195134
153.512711	794.605539	31200.000000	377.284631	0.278831	0.195134
153.977163	794.605372	30560.000000	377.284711	0.278831	0.195134
153.573873	794.605279	33430.000000	377.284755	0.278831	0.195134
152.837108	794.605203	35790.000000	377.284791	0.278831	0.195134
152.315607	794.605030	33860.000000	377.284873	0.278831	0.195134
155.528230	794.604965	32570.000000	377.284904	0.278831	0.195134
153.932599	794.604784	31960.000000	377.284990	0.280118	0.195134
152.596054	794.604686	32390.000000	377.285036	0.278831	0.196422
152.692296	794.604599	32040.000000	377.285078	0.278831	0.195134
153.281771	794.604428	34140.000000	377.285159	0.278831	0.195134
154.876368	794.604316	33360.000000	377.285212	0.278831	0.196422
151.218554	794.604239	33100.000000	377.285249	0.278831	0.195134
153.189821	794.604172	33540.000000	377.285281	0.278831	0.196422
153.983893	794.604129	32290.000000	377.285301	0.278831	0.196422
154.202182	794.604013	32510.000000	377.285356	0.278831	0.195134
152.838112	794.603889	35320.000000	377.285415	0.278831	0.196422
152.896832	794.603705	35050.000000	377.285503	0.278831	0.196422
152.576935	794.603702	34080.000000	377.285504	0.278831	0.196422
153.240008	794.603514	31460.000000	377.285593	0.278831	0.196422
151.381433	794.603335	32480.000000	377.285678	0.278831	0.196422
152.147801	794.603204	33790.000000	377.285740	0.278831	0.196422
153.179616	794.603131	34870.000000	377.285775	0.278831	0.196422
151.320894	794.603067	34530.000000	377.285805	0.278831	0.196422
154.028846	794.603118	33820.000000	377.285781	0.278831	0.196422
152.637707	794.603151	34850.000000	377.285765	0.278831	0.196422
153.468850	794.603265	32490.000000	377.285711	0.278831	0.195134
153.769833	794.603428	33130.000000	377.285634	0.278831	0.196422
153.081449	794.603578	32590.000000	377.285563	0.278831	0.196422
154.170335	794.603747	35240.000000	377.285482	0.278831	0.196422
152.609929	794.603817	34530.000000	377.285449	0.278831	0.196422
155.161584	794.603863	33490.000000	377.285427	0.278831	0.196422
153.879147	794.603984	33750.000000	377.285370	0.278831	0.196422
150.503706	794.604066	35250.000000	377.285331	0.278831	0.197710
150.658307	794.604147	34970.000000	377.285292	0.278831	0.197710
154.573177	794.604181	34340.000000	377.285276	0.280118	0.196422
152.900971	794.604187	32200.000000	377.285274	0.278831	0.196422
152.251132	794.604379	33510.000000	377.285182	0.278831	0.197710
151.883044	794.604623	35050.000000	377.285067	0.278831	0.197710
152.592711	794.604657	34560.000000	377.285050	0.278831	0.198997
153.633338	794.604819	32600.000000	377.284973	0.278831	0.200285
152.819555	794.604886	32580.000000	377.284942	0.278831	0.198997
152.363013	794.605005	33410.000000	377.284885	0.278831	0.200285
153.328986	794.605096	33250.000000	377.284842	0.278831	0.200285
152.705783	794.605156	33270.000000	377.284814	0.278831	0.201573
153.356093	794.605280	32590.000000	377.284754	0.277543	0.200285
151.540902	794.605377	35050.000000	377.284708	0.278831	0.202860
153.093090	794.605592	32290.000000	377.284606	0.278831	0.201573
151.582480	794.605700	31860.000000	377.284555	0.278831	0.202860
150.867484	794.605779	27440.000000	377.284517	0.278831	0.202860
156.041876	794.605975	24650.000000	377.284424	0.278831	0.204148
154.631576	794.606026	30640.000000	377.284400	0.278831	0.202860
151.497587	794.606063	30880.000000	377.284383	0.278831	0.202860
155.089393	794.606156	28210.000000	377.284339	0.278831	0.205435
155.422185	794.606244	21600.000000	377.284297	0.278831	0.205435
155.662502	794.606307	22840.000000	377.284267	0.278831	0.205435
154.005931	794.606469	31200.000000	377.284190	0.278831	0.206723
152.489729	794.606595	29330.000000	377.284130	0.278831	0.205435
154.540393	794.606789	24980.000000	377.284038	0.277543	0.206723
155.577915	794.606940	24400.000000	377.283966	0.277543	0.208011
152.600616	794.607018	30510.000000	377.283929	0.278831	0.208011
153.829265	794.607129	31310.000000	377.283876	0.278831	0.209298
154.515296	794.607182	32540.000000	377.283851	0.278831	0.208011
152.869952	794.607234	32590.000000	377.283827	0.278831	0.208011
153.976779	794.607393	32090.000000	377.283751	0.278831	0.209298
156.362783	794.607529	32220.000000	377.283687	0.278831	0.209298
156.497386	794.607631	33590.000000	377.283638	0.277543	0.210586
157.714828	794.607723	33230.000000	377.283595	0.278831	0.210586
155.597594	794.607895	33560.000000	377.283513	0.278831	0.210586
152.838897	794.608038	33290.000000	377.283445	0.278831	0.210586
152.982915	794.608121	33530.000000	377.283406	0.278831	0.210586
153.681767	794.608158	34360.000000	377.283388	0.278831	0.210586
152.919151	794.608225	33650.000000	377.283356	0.278831	0.210586
154.368115	794.608325	32550.000000	377.283309	0.278831	0.210586
156.516240	794.608224	33150.000000	377.283357	0.278831	0.210586
152.376087	794.608184	33260.000000	377.283376	0.278831	0.204148
153.258946	794.608148	33050.000000	377.283393	0.278831	0.205435
152.296864	794.608077	34130.000000	377.283426	0.278831	0.205435
152.510731	794.607976	32690.000000	377.283474	0.278831	0.208011
153.642803	794.607890	32880.000000	377.283515	0.278831	0.208011
151.883309	794.607685	33240.000000	377.283613	0.278831	0.210586
153.597638	794.607619	33700.000000	377.283644	0.277543	0.209298
151.569481	794.607561	33150.000000	377.283671	0.278831	0.210586
152.177868	794.607472	32330.000000	377.283714	0.278831	0.209298
152.011587	794.607334	32580.000000	377.283779	0.278831	0.210586
151.641708	794.607222	32360.000000	377.283832	0.278831	0.210586
151.729714	794.607165	31560.000000	377.283860	0.278831	0.210586
151.756063	794.607087	31810.000000	377.283897	0.277543	0.210586
152.282522	794.606971	30950.000000	377.283952	0.278831	0.210586
153.629523	794.606848	29390.000000	377.284010	0.278831	0.211874
153.151793	794.606648	19640.000000	377.284105	0.278831	0.211874
152.834113	794.606567	25560.000000	377.284143	0.278831	0.211874
151.163002	794.606423	29370.000000	377.284212	0.277543	0.211874
152.153838	794.606294	29360.000000	377.284273	0.277543	0.211874
151.038080	794.606223	24840.000000	377.284307	0.277543	0.211874
152.695805	794.606140	19810.000000	377.284346	0.278831	0.211874
152.284714	794.606058	27530.000000	377.284385	0.277543	0.211874
152.706330	794.606017	31260.000000	377.284405	0.277543	0.213161
151.800736	794.605800	30050.000000	377.284508	0.277543	0.211874
152.551570	794.605722	25730.000000	377.284544	0.277543	0.211874
151.019392	794.605682	28990.000000	377.284563	0.278831	0.211874
154.830023	794.605514	30580.000000	377.284644	0.278831	0.211874
152.501145	794.605391	31320.000000	377.284702	0.278831	0.211874
155.515918	794.605279	31110.000000	377.284755	0.278831	0.211874
153.818988	794.605167	32000.000000	377.284808	0.277543	0.211874
155.312640	794.605094	32660.000000	377.284843	0.277543	0.211874
154.715415	794.604932	32940.000000	377.284920	0.277543	0.211874
155.342617	794.604862	32360.000000	377.284953	0.277543	0.210586
157.328721	794.604709	31770.000000	377.285026	0.278831	0.211874
155.305509	794.604564	31160.000000	377.285095	0.277543	0.211874
154.284535	794.604429	31690.000000	377.285159	0.278831	0.211874
156.327152	794.604330	30700.000000	377.285206	0.278831	0.210586
156.304036	794.604211	31690.000000	377.285262	0.277543	0.210586
155.005809	794.604168	32260.000000	377.285283	0.278831	0.210586
155.004453	794.604098	31780.000000	377.285316	0.277543	0.210586
154.571561	794.604019	31070.000000	377.285353	0.277543	0.210586
154.276484	794.603904	32170.000000	377.285408	0.278831	0.210586
154.199658	794.603805	31160.000000	377.285455	0.277543	0.210586
156.483942	794.603725	30980.000000	377.285493	0.277543	0.210586
154.748680	794.603516	33390.000000	377.285592	0.277543	0.210586
153.836715	794.603345	30310.000000	377.285673	0.277543	0.210586
152.503498	794.603250	31480.000000	377.285718	0.277543	0.210586
154.915156	794.603140	30450.000000	377.285771	0.277543	0.210586
154.491072	794.603088	31120.000000	377.285795	0.277543	0.210586
152.570498	794.603126	31900.000000	377.285777	0.278831	0.210586
153.534663	794.603213	30690.000000	377.285736	0.277543	0.210586
154.351109	794.603267	30240.000000	377.285710	0.277543	0.210586
153.779235	794.603425	30790.000000	377.285635	0.277543	0.210586
153.050606	794.603581	30490.000000	377.285561	0.278831	0.210586
153.483965	794.603736	30880.000000	377.285487	0.278831	0.209298
155.134753	794.603809	31460.000000	377.285453	0.277543	0.210586
151.784129	794.603871	31440.000000	377.285424	0.277543	0.210586
151.794675	794.603960	30600.000000	377.285381	0.278831	0.210586
152.235985	794.604076	29050.000000	377.285326	0.277543	0.210586
154.356020	794.604117	30810.000000	377.285307	0.277543	0.209298
153.482732	794.604190	30700.000000	377.285272	0.277543	0.209298
151.747023	794.604232	30240.000000	377.285252	0.277543	0.209298
153.576617	794.604344	30080.000000	377.285199	0.277543	0.209298
155.505479	794.604514	29570.000000	377.285118	0.277543	0.210586
156.146057	794.604674	28300.000000	377.285042	0.277543	0.209298
152.069598	794.604742	29850.000000	377.285010	0.277543	0.209298
154.104569	794.604931	31210.000000	377.284920	0.277543	0.209298
154.578664	794.605008	32390.000000	377.284884	0.278831	0.209298
154.221223	794.605128	32570.000000	377.284827	0.277543	0.209298
153.451192	794.605178	30910.000000	377.284803	0.277543	0.210586
154.133269	794.605273	29160.000000	377.284758	0.277543	0.209298
153.394664	794.605427	27960.000000	377.284684	0.277543	0.209298
153.545146	794.605595	29460.000000	377.284605	0.277543	0.209298
154.242615	794.605661	30810.000000	377.284574	0.277543	0.209298
153.573067	794.605783	30420.000000	377.284516	0.277543	0.209298
152.302921	794.605928	24740.000000	377.284447	0.277543	0.209298
153.693475	794.606054	26720.000000	377.284387	0.278831	0.209298
154.359396	794.606089	28820.000000	377.284370	0.277543	0.209298
155.240743	794.606152	27820.000000	377.284340	0.277543	0.209298
154.266445	794.606245	23040.000000	377.284296	0.277543	0.209298
154.519217	794.606330	18180.000000	377.284256	0.277543	0.209298
154.224476	794.606428	25710.000000	377.284209	0.277543	0.209298
154.225862	794.606626	27860.000000	377.284116	0.277543	0.208011
154.909447	794.606709	25540.000000	377.284076	0.278831	0.209298
155.355726	794.606966	23770.000000	377.283954	0.277543	0.209298
153.503347	794.607029	28620.000000	377.283924	0.277543	0.208011
154.398341	794.607138	31460.000000	377.283872	0.277543	0.209298
154.980137	794.607211	31060.000000	377.283838	0.278831	0.209298
154.907871	794.607278	31300.000000	377.283806	0.277543	0.209298
154.667204	794.607398	29890.000000	377.283749	0.277543	0.209298
154.208686	794.607531	30740.000000	377.283686	0.277543	0.209298
154.193776	794.607614	31790.000000	377.283646	0.278831	0.209298
155.172021	794.607702	32880.000000	377.283604	0.277543	0.209298
154.170991	794.607881	32550.000000	377.283519	0.277543	0.209298
155.874758	794.607962	31850.000000	377.283481	0.277543	0.209298
156.052730	794.608143	31820.000000	377.283395	0.277543	0.208011
157.506658	794.608196	31400.000000	377.283370	0.277543	0.208011
155.259414	794.608233	30430.000000	377.283353	0.277543	0.209298
154.604774	794.608307	32210.000000	377.283317	0.277543	0.208011
154.037736	794.608255	33000.000000	377.283342	0.277543	0.208011
153.964041	794.608192	32550.000000	377.283372	0.277543	0.208011
153.834102	794.608158	32320.000000	377.283388	0.277543	0.208011
158.003726	794.608092	33080.000000	377.283419	0.277543	0.208011
153.331335	794.607921	31350.000000	377.283500	0.277543	0.208011
156.432299	794.607823	31400.000000	377.283547	0.277543	0.208011
154.031163	794.607700	31010.000000	377.283605	0.277543	0.208011
154.668628	794.607620	32460.000000	377.283643	0.277543	0.208011
155.501315	794.607576	32590.000000	377.283665	0.277543	0.208011
156.249373	794.607446	32930.000000	377.283726	0.277543	0.206723
156.185868	794.607318	31930.000000	377.283787	0.277543	0.208011
155.611270	794.607246	30760.000000	377.283821	0.277543	0.208011
155.311848	794.607163	31660.000000	377.283860	0.277543	0.208011
153.062361	794.607094	32160.000000	377.283893	0.277543	0.208011
152.975859	794.606963	32050.000000	377.283956	0.277543	0.208011
153.373910	794.606786	28950.000000	377.284039	0.277543	0.208011
155.785975	794.606659	22260.000000	377.284100	0.277543	0.208011
156.640580	794.606555	27260.000000	377.284149	0.277543	0.208011
154.889168	794.606402	28430.000000	377.284222	0.277543	0.208011
154.437475	794.606337	28860.000000	377.284253	0.277543	0.206723
155.045913	794.606219	28470.000000	377.284309	0.277543	0.208011
155.600903	794.606129	23130.000000	377.284352	0.277543	0.206723
152.931831	794.606081	26550.000000	377.284374	0.277543	0.206723
156.997069	794.605951	29250.000000	377.284436	0.277543	0.206723
157.252785	794.605822	26470.000000	377.284497	0.277543	0.206723
152.944910	794.605684	24360.000000	377.284563	0.277543	0.206723
156.302283	794.605659	28630.000000	377.284575	0.277543	0.205435
157.101763	794.605611	32410.000000	377.284598	0.277543	0.206723
152.511761	794.605372	32010.000000	377.284711	0.277543	0.206723
152.494019	794.605294	31950.000000	377.284748	0.277543	0.205435
152.688858	794.605205	32570.000000	377.284790	0.277543	0.205435
153.122264	794.605053	31420.000000	377.284862	0.277543	0.202860
151.577164	794.604946	32600.000000	377.284913	0.277543	0.204148
155.303910	794.604773	31800.000000	377.284995	0.277543	0.202860
154.744468	794.604702	33050.000000	377.285029	0.277543	0.202860
152.998020	794.604593	32690.000000	377.285081	0.277543	0.202860
151.090077	794.604429	31860.000000	377.285158	0.277543	0.202860
151.485815	794.604300	31190.000000	377.285220	0.276255	0.202860
151.895914	794.604249	32130.000000	377.285244	0.277543	0.202860
154.281025	794.604172	32070.000000	377.285281	0.277543	0.201573
155.723778	794.604116	33200.000000	377.285307	0.277543	0.201573
152.251820	794.603986	32910.000000	377.285369	0.277543	0.201573
154.564113	794.603860	33660.000000	377.285429	0.277543	0.201573
153.613837	794.603779	33000.000000	377.285467	0.277543	0.200285
152.220559	794.603688	32300.000000	377.285511	0.277543	0.200285
151.793408	794.603523	31690.000000	377.285589	0.277543	0.200285
154.486825	794.603431	32230.000000	377.285632	0.277543	0.198997
154.781120	794.603241	32650.000000	377.285723	0.277543	0.198997
153.791417	794.603176	32310.000000	377.285754	0.277543	0.198997
151.745726	794.603116	32230.000000	377.285782	0.277543	0.198997
153.220075	794.603169	31940.000000	377.285757	0.277543	0.198997
152.571529	794.603202	31180.000000	377.285741	0.277543	0.200285
155.507238	794.603320	32260.000000	377.285685	0.277543	0.197710
154.166874	794.603436	32060.000000	377.285630	0.277543	0.197710
152.032944	794.603501	32440.000000	377.285599	0.277543	0.196422
154.757993	794.603735	32910.000000	377.285488	0.277543	0.196422
154.026200	794.603778	31110.000000	377.285468	0.277543	0.197710
153.100494	794.603901	30390.000000	377.285409	0.276255	0.196422
152.641192	794.603988	31260.000000	377.285368	0.277543	0.196422
153.098386	794.604047	32470.000000	377.285340	0.277543	0.196422
154.113601	794.604127	33420.000000	377.285302	0.277543	0.196422
154.858187	794.604171	33670.000000	377.285281	0.277543	0.195134
152.300724	794.604217	33020.000000	377.285259	0.277543	0.195134
151.041793	794.604334	33250.000000	377.285203	0.277543	0.195134
156.853716	794.604467	32320.000000	377.285140	0.277543	0.195134
156.301087	794.604671	33080.000000	377.285044	0.277543	0.193847
153.542581	794.604782	32590.000000	377.284991	0.277543	0.193847
153.691848	794.604885	34390.000000	377.284942	0.276255	0.195134
155.643331	794.605017	32350.000000	377.284879	0.277543	0.193847
155.995375	794.605115	33780.000000	377.284833	0.277543	0.193847
156.601940	794.605168	33120.000000	377.284808	0.277543	0.193847
156.634860	794.605299	32670.000000	377.284745	0.277543	0.192559
155.015266	794.605398	32830.000000	377.284699	0.277543	0.193847
155.290596	794.605633	32690.000000	377.284587	0.276255	0.193847
157.362233	794.605675	31370.000000	377.284567	0.277543	0.193847
155.679180	794.605723	30700.000000	377.284544	0.277543	0.193847
156.004706	794.605946	26090.000000	377.284438	0.277543	0.201573
157.260890	794.606026	32270.000000	377.284400	0.277543	0.200285
153.171372	794.606067	31370.000000	377.284381	0.276255	0.196422
152.643977	794.606149	28320.000000	377.284342	0.277543	0.197710
157.188333	794.606255	22740.000000	377.284292	0.277543	0.196422
156.977649	794.606333	24970.000000	377.284255	0.277543	0.195134
157.551783	794.606508	30440.000000	377.284171	0.277543	0.193847
152.339146	794.606593	30150.000000	377.284131	0.277543	0.195134
154.850096	794.606741	27610.000000	377.284061	0.277543	0.193847
153.101340	794.606904	23950.000000	377.283983	0.276255	0.193847
154.721389	794.607022	28940.000000	377.283928	0.277543	0.193847
153.150775	794.607136	31390.000000	377.283873	0.277543	0.192559
156.003747	794.607176	31670.000000	377.283854	0.276255	0.193847
155.897090	794.607273	32550.000000	377.283808	0.276255	0.193847
155.044870	794.607413	33440.000000	377.283742	0.277543	0.193847
155.266790	794.607496	33860.000000	377.283702	0.277543	0.192559
153.802973	794.607614	32930.000000	377.283646	0.277543	0.192559
156.947277	794.607714	33370.000000	377.283599	0.276255	0.192559
156.554345	794.607889	33610.000000	377.283516	0.277543	0.192559
157.051212	794.607994	34590.000000	377.283466	0.276255	0.192559
155.137477	794.608097	33070.000000	377.283417	0.276255	0.192559
157.426193	794.608202	34270.000000	377.283367	0.277543	0.191271
158.236922	794.608243	33220.000000	377.283348	0.276255	0.192559
153.599322	794.608294	32880.000000	377.283323	0.276255	0.192559
153.874449	794.608242	33330.000000	377.283348	0.276255	0.191271
154.863074	794.608204	31920.000000	377.283366	0.277543	0.191271
154.206891	794.608166	33630.000000	377.283384	0.277543	0.191271
155.790735	794.608068	33720.000000	377.283431	0.276255	0.191271
154.081025	794.607963	34680.000000	377.283481	0.276255	0.192559
157.536115	794.607861	34480.000000	377.283529	0.276255	0.191271
153.417035	794.607706	33780.000000	377.283603	0.277543	0.192559
155.839726	794.607618	32450.000000	377.283644	0.277543	0.191271
155.244428	794.607531	30490.000000	377.283686	0.276255	0.191271
152.800183	794.607467	32390.000000	377.283716	0.277543	0.191271
156.401064	794.607336	33260.000000	377.283778	0.277543	0.192559
156.069584	794.607212	32760.000000	377.283837	0.277543	0.191271
152.961888	794.607165	33330.000000	377.283860	0.276255	0.192559
151.751400	794.607073	31960.000000	377.283903	0.277543	0.191271
152.925288	794.606970	32010.000000	377.283952	0.276255	0.191271
152.435295	794.606885	29120.000000	377.283993	0.276255	0.192559
152.152656	794.606647	22710.000000	377.284106	0.276255	0.191271
157.147357	794.606586	26300.000000	377.284134	0.277543	0.192559
152.869828	794.606442	29950.000000	377.284203	0.276255	0.192559
151.832539	794.606306	30680.000000	377.284267	0.276255	0.192559
151.570088	794.606205	23580.000000	377.284316	0.276255	0.191271
153.809429	794.606102	21680.000000	377.284364	0.277543	0.191271
153.863410	794.606068	28670.000000	377.284380	0.277543	0.191271
150.961477	794.606000	29000.000000	377.284412	0.276255	0.191271
153.090914	794.605797	29240.000000	377.284509	0.276255	0.192559
150.646110	794.605685	25630.000000	377.284562	0.277543	0.191271
153.530228	794.605651	31810.000000	377.284578	0.277543	0.192559
152.666076	794.605558	30950.000000	377.284623	0.276255	0.192559
152.434360	794.605395	31540.000000	377.284700	0.277543	0.192559
153.708388	794.605271	31240.000000	377.284759	0.276255	0.192559
151.221154	794.605165	31520.000000	377.284809	0.276255	0.192559
152.079460	794.605085	31950.000000	377.284847	0.276255	0.192559
151.297597	794.604951	32420.000000	377.284911	0.276255	0.192559
156.005788	794.604808	31380.000000	377.284979	0.276255	0.192559
155.589423	794.604724	31060.000000	377.285019	0.276255	0.192559
153.859961	794.604551	30790.000000	377.285101	0.277543	0.192559
156.589200	794.604450	31750.000000	377.285149	0.276255	0.192559
154.954282	794.604275	30850.000000	377.285231	0.276255	0.192559
151.542352	794.604218	31380.000000	377.285259	0.276255	0.192559
152.609302	794.604181	32610.000000	377.285277	0.276255	0.192559
153.429316	794.604089	31200.000000	377.285320	0.276255	0.193847
152.173149	794.604003	31650.000000	377.285361	0.277543	0.192559
153.908647	794.603926	32120.000000	377.285397	0.276255	0.192559
150.955137	794.603782	32440.000000	377.285466	0.277543	0.192559
151.393522	794.603716	32230.000000	377.285497	0.276255	0.192559
153.576926	794.603498	32570.000000	377.285601	0.276255	0.193847
151.888494	794.603399	32120.000000	377.285648	0.276255	0.192559
151.794488	794.603248	32360.000000	377.285720	0.276255	0.193847
154.338474	794.603145	31890.000000	377.285768	0.276255	0.192559
152.564679	794.603086	31070.000000	377.285796	0.276255	0.192559
153.647273	794.603129	33060.000000	377.285776	0.276255	0.192559
153.312588	794.603171	31920.000000	377.285756	0.276255	0.192559
153.988250	794.603236	32740.000000	377.285725	0.276255	0.193847
151.348958	794.603429	32660.000000	377.285633	0.276255	0.193847
151.537708	794.603622	31610.000000	377.285542	0.276255	0.193847
152.784702	794.603716	33320.000000	377.285497	0.276255	0.193847
152.917689	794.603818	31230.000000	377.285449	0.276255	0.192559
150.863187	794.603874	32060.000000	377.285422	0.276255	0.192559
153.307438	794.603944	32240.000000	377.285389	0.276255	0.192559
153.692475	794.604072	31820.000000	377.285328	0.276255	0.193847
152.953362	794.604134	33750.000000	377.285299	0.276255	0.193847
154.587087	794.604187	32170.000000	377.285273	0.276255	0.193847
155.511007	794.604228	32270.000000	377.285254	0.276255	0.193847
153.519227	794.604323	32270.000000	377.285209	0.276255	0.193847
154.951527	794.604506	31330.000000	377.285122	0.276255	0.192559
152.815973	794.604668	33260.000000	377.285045	0.276255	0.193847
155.957089	794.604785	33320.000000	377.284989	0.276255	0.193847
151.660282	794.604904	32600.000000	377.284933	0.276255	0.192559
152.715921	794.604973	32470.000000	377.284900	0.276255	0.193847
151.547765	794.605108	32320.000000	377.284836	0.276255	0.193847
152.544120	794.605176	32020.000000	377.284804	0.274968	0.193847
151.054685	794.605260	32290.000000	377.284764	0.276255	0.193847
152.597951	794.605403	32090.000000	377.284696	0.276255	0.193847
151.964735	794.605586	31850.000000	377.284609	0.276255	0.193847
152.210126	794.605697	31300.000000	377.284556	0.276255	0.193847
152.380085	794.605764	29600.000000	377.284524	0.276255	0.193847
153.043615	794.605885	23210.000000	377.284467	0.276255	0.195134
152.095641	794.606041	28100.000000	377.284393	0.276255	0.193847
152.787430	794.606082	30040.000000	377.284374	0.276255	0.193847
154.115441	794.606131	28820.000000	377.284351	0.276255	0.193847
158.048569	794.606257	23040.000000	377.284291	0.276255	0.193847
156.232760	794.606306	24690.000000	377.284267	0.276255	0.193847
155.750309	794.606461	29200.000000	377.284194	0.276255	0.193847
157.646768	794.606619	29670.000000	377.284119	0.276255	0.193847
158.117977	794.606760	24730.000000	377.284052	0.276255	0.193847
152.280987	794.606944	21830.000000	377.283964	0.276255	0.195134
156.595138	794.607035	27900.000000	377.283921	0.276255	0.193847
157.399362	794.607119	32310.000000	377.283881	0.276255	0.193847
154.027507	794.607179	32220.000000	377.283853	0.276255	0.193847
154.052393	794.607235	31790.000000	377.283826	0.276255	0.193847
152.170245	794.607375	31340.000000	377.283760	0.276255	0.193847
155.854648	794.607519	32160.000000	377.283691	0.276255	0.195134
157.642297	794.607618	32240.000000	377.283645	0.276255	0.193847
156.005871	794.607760	33340.000000	377.283577	0.276255	0.193847
155.542045	794.607906	32900.000000	377.283507	0.276255	0.195134
154.631921	794.607954	32380.000000	377.283485	0.276255	0.195134
156.477691	794.608120	32570.000000	377.283406	0.276255	0.193847
155.574675	794.608164	32810.000000	377.283385	0.276255	0.195134
155.732488	794.608235	33320.000000	377.283351	0.276255	0.195134
154.739430	794.608288	33310.000000	377.283326	0.276255	0.195134
155.229321	794.608243	32600.000000	377.283348	0.276255	0.195134
154.267040	794.608188	33180.000000	377.283374	0.276255	0.195134
153.504083	794.608161	32700.000000	377.283387	0.276255	0.195134
154.414664	794.608102	33440.000000	377.283414	0.276255	0.195134
154.379095	794.607937	32580.000000	377.283493	0.276255	0.195134
158.702464	794.607891	31710.000000	377.283515	0.276255	0.195134
156.656535	794.607676	32380.000000	377.283617	0.276255	0.195134
155.497417	794.607614	33920.000000	377.283646	0.276255	0.195134
158.413554	794.607579	32960.000000	377.283663	0.276255	0.195134
157.814063	794.607422	31940.000000	377.283738	0.276255	0.195134
154.028501	794.607300	32900.000000	377.283795	0.276255	0.195134
156.208640	794.607246	31950.000000	377.283821	0.276255	0.195134
157.050380	794.607146	31620.000000	377.283869	0.274968	0.195134
155.596554	794.607066	32720.000000	377.283907	0.276255	0.195134
157.955763	794.606986	32080.000000	377.283944	0.276255	0.195134
154.721121	794.606819	29550.000000	377.284024	0.276255	0.196422
154.934765	794.606720	17970.000000	377.284071	0.276255	0.196422
154.859685	794.606559	20410.000000	377.284147	0.276255	0.196422
153.757008	794.606421	27890.000000	377.284213	0.276255	0.197710
156.266740	794.606326	28710.000000	377.284258	0.276255	0.197710
154.358007	794.606223	22890.000000	377.284307	0.276255	0.198997
155.274972	794.606158	18370.000000	377.284338	0.276255	0.198997
153.239249	794.606043	25650.000000	377.284392	0.274968	0.200285
153.691075	794.605988	28170.000000	377.284418	0.276255	0.198997
156.408109	794.605891	28890.000000	377.284464	0.276255	0.200285
155.690398	794.605689	24950.000000	377.284560	0.276255	0.200285
153.385726	794.605641	29130.000000	377.284583	0.276255	0.200285
157.049860	794.605605	30550.000000	377.284600	0.276255	0.201573
156.132109	794.605386	30830.000000	377.284704	0.276255	0.201573
154.163384	794.605276	29530.000000	377.284757	0.276255	0.201573
156.950671	794.605126	29260.000000	377.284828	0.276255	0.200285
154.336464	794.605081	29710.000000	377.284849	0.276255	0.202860
152.949251	794.604987	31470.000000	377.284894	0.276255	0.201573
154.506146	794.604823	30310.000000	377.284971	0.274968	0.202860
156.811726	794.604698	30330.000000	377.285031	0.276255	0.204148
152.567416	794.604622	30140.000000	377.285067	0.276255	0.204148
152.873684	794.604412	30320.000000	377.285167	0.274968	0.204148
155.014085	794.604275	29810.000000	377.285232	0.274968	0.204148
153.752106	794.604183	28970.000000	377.285275	0.276255	0.204148
154.554131	794.604121	31050.000000	377.285305	0.274968	0.205435
151.688073	794.604058	31300.000000	377.285335	0.276255	0.205435
152.473449	794.603990	30270.000000	377.285367	0.276255	0.205435
153.799824	794.603878	31410.000000	377.285420	0.274968	0.206723
153.025147	794.603785	30590.000000	377.285464	0.276255	0.205435
154.205469	794.603728	30690.000000	377.285491	0.276255	0.206723
154.145391	794.603537	31440.000000	377.285582	0.276255	0.205435
155.377327	794.603384	31680.000000	377.285655	0.274968	0.206723
155.828790	794.603219	31470.000000	377.285733	0.274968	0.206723
154.840669	794.603152	32020.000000	377.285765	0.276255	0.206723
152.032606	794.603081	30510.000000	377.285799	0.276255	0.208011
153.494345	794.603140	31670.000000	377.285771	0.274968	0.206723
152.445227	794.603180	30990.000000	377.285752	0.276255	0.196422
153.110176	794.603290	31640.000000	377.285700	0.276255	0.198997
152.816914	794.603456	30310.000000	377.285621	0.276255	0.198997
154.910499	794.603628	31970.000000	377.285539	0.276255	0.201573
152.998147	794.603749	31740.000000	377.285482	0.274968	0.202860
151.245706	794.603793	31840.000000	377.285461	0.276255	0.202860
155.414829	794.603873	30740.000000	377.285423	0.276255	0.204148
155.347990	794.603971	31710.000000	377.285376	0.276255	0.206723
153.873897	794.604041	31820.000000	377.285343	0.276255	0.204148
153.091079	794.604108	30470.000000	377.285311	0.276255	0.206723
152.309646	794.604161	31220.000000	377.285286	0.274968	0.204148
153.100213	794.604241	30900.000000	377.285248	0.276255	0.206723
153.188569	794.604322	30950.000000	377.285209	0.276255	0.206723
152.302311	794.604455	30380.000000	377.285146	0.276255	0.205435
152.935151	794.604665	31030.000000	377.285046	0.276255	0.205435
155.246757	794.604751	31160.000000	377.285006	0.274968	0.206723
154.403896	794.604857	31750.000000	377.284955	0.274968	0.206723
151.864455	794.605020	30420.000000	377.284878	0.274968	0.209298
154.953662	794.605103	30360.000000	377.284839	0.276255	0.206723
153.154629	794.605185	31240.000000	377.284800	0.276255	0.208011
154.406468	794.605312	32220.000000	377.284739	0.276255	0.209298
152.769728	794.605390	30760.000000	377.284702	0.276255	0.208011
154.683791	794.605617	30770.000000	377.284594	0.274968	0.208011
153.190914	794.605672	30120.000000	377.284569	0.276255	0.208011
156.462842	794.605729	29980.000000	377.284541	0.274968	0.209298
152.899311	794.605914	25460.000000	377.284453	0.274968	0.209298
153.486408	794.606029	28310.000000	377.284399	0.276255	0.208011
152.847569	794.606090	29520.000000	377.284370	0.274968	0.208011
154.171111	794.606152	28940.000000	377.284340	0.276255	0.209298
154.730250	794.606223	22300.000000	377.284307	0.274968	0.209298
157.151729	794.606342	20110.000000	377.284250	0.274968	0.209298
156.898644	794.606439	29130.000000	377.284204	0.274968	0.209298
154.959646	794.606573	29690.000000	377.284141	0.274968	0.208011
152.329236	794.606707	27190.000000	377.284077	0.274968	0.209298
153.431611	794.606866	19960.000000	377.284002	0.276255	0.209298
155.214973	794.607059	26870.000000	377.283910	0.274968	0.209298
156.948402	794.607121	30070.000000	377.283881	0.274968	0.209298
157.790907	794.607189	30950.000000	377.283848	0.274968	0.210586
156.360334	794.607307	32360.000000	377.283792	0.274968	0.209298
154.959931	794.607415	32290.000000	377.283741	0.274968	0.209298
153.902276	794.607514	31260.000000	377.283694	0.274968	0.209298
154.635380	794.607639	31390.000000	377.283634	0.274968	0.209298
154.992266	794.607684	31940.000000	377.283613	0.274968	0.210586
154.756459	794.607888	32680.000000	377.283516	0.274968	0.210586
152.574891	794.607966	32220.000000	377.283479	0.274968	0.210586
154.722387	794.608114	32170.000000	377.283409	0.274968	0.210586
152.588628	794.608191	32240.000000	377.283372	0.274968	0.209298
153.290740	794.608246	32030.000000	377.283346	0.274968	0.209298
152.384345	794.608309	31600.000000	377.283316	0.274968	0.209298
152.089525	794.608249	31150.000000	377.283345	0.276255	0.210586
152.625322	794.608206	31830.000000	377.283365	0.274968	0.210586
152.707001	794.608144	32520.000000	377.283395	0.274968	0.209298
151.916385	794.608044	33190.000000	377.283442	0.274968	0.209298
153.487471	794.607939	32250.000000	377.283492	0.274968	0.209298
152.566422	794.607811	33440.000000	377.283553	0.274968	0.210586
153.594147	794.607686	32460.000000	377.283612	0.274968	0.209298
152.081827	794.607630	32080.000000	377.283639	0.274968	0.210586
153.240209	794.607566	32390.000000	377.283669	0.274968	0.210586
152.479865	794.607469	32350.000000	377.283715	0.274968	0.209298
153.965974	794.607296	32540.000000	377.283797	0.274968	0.209298
152.392048	794.607231	31790.000000	377.283828	0.274968	0.209298
153.514931	794.607170	31280.000000	377.283857	0.274968	0.209298
154.870907	794.607080	30620.000000	377.283900	0.274968	0.210586
153.537820	794.606990	31850.000000	377.283943	0.274968	0.209298
152.652074	794.606807	27230.000000	377.284030	0.274968	0.209298
152.476375	794.606657	18320.000000	377.284101	0.274968	0.209298
154.020642	794.606592	27380.000000	377.284132	0.274968	0.209298
155.623246	794.606416	28400.000000	377.284215	0.274968	0.209298
153.931801	794.606318	28840.000000	377.284262	0.274968	0.209298
153.664670	794.606275	24430.000000	377.284282	0.274968	0.209298
154.963012	794.606115	19950.000000	377.284358	0.274968	0.209298
154.147417	794.606055	27120.000000	377.284386	0.274968	0.209298
154.206675	794.605993	29440.000000	377.284416	0.274968	0.209298
154.737113	794.605782	28350.000000	377.284516	0.274968	0.209298
156.341771	794.605715	24610.000000	377.284548	0.274968	0.209298
155.706829	794.605656	29060.000000	377.284576	0.274968	0.209298
155.897748	794.605547	29630.000000	377.284628	0.274968	0.209298
153.522391	794.605421	31420.000000	377.284687	0.274968	0.209298
154.955722	794.605264	31550.000000	377.284762	0.274968	0.209298
155.496099	794.605183	31410.000000	377.284800	0.274968	0.209298
154.454425	794.605105	30550.000000	377.284837	0.274968	0.209298
152.826883	794.604928	32140.000000	377.284922	0.274968	0.209298
154.989435	794.604808	32180.000000	377.284979	0.274968	0.209298
154.237797	794.604677	31080.000000	377.285041	0.274968	0.209298
154.069787	794.604582	31160.000000	377.285086	0.274968	0.208011
152.141153	794.604441	29750.000000	377.285153	0.274968	0.209298
152.053912	794.604290	32030.000000	377.285225	0.274968	0.209298
152.572532	794.604223	31010.000000	377.285257	0.274968	0.209298
151.047492	794.604162	31410.000000	377.285285	0.274968	0.209298
152.661992	794.604093	31960.000000	377.285318	0.274968	0.209298
151.357273	794.604025	30550.000000	377.285350	0.274968	0.209298
152.227116	794.603828	30940.000000	377.285444	0.274968	0.209298
153.905355	794.603777	31290.000000	377.285468	0.274968	0.209298
151.828232	794.603698	32770.000000	377.285506	0.274968	0.209298
151.876310	794.603526	32580.000000	377.285587	0.276255	0.208011
152.315078	794.603423	32680.000000	377.285636	0.274968	0.209298
154.797684	794.603302	32490.000000	377.285694	0.274968	0.209298
153.252794	794.603174	33580.000000	377.285755	0.274968	0.209298
151.309210	794.603100	31380.000000	377.285790	0.274968	0.208011
153.515014	794.603163	31460.000000	377.285760	0.274968	0.208011
151.949375	794.603206	31210.000000	377.285739	0.274968	0.209298
154.638019	794.603275	31370.000000	377.285707	0.274968	0.209298
155.655888	794.603445	32340.000000	377.285626	0.274968	0.208011
156.970746	794.603576	33710.000000	377.285564	0.274968	0.208011
153.301830	794.603689	32150.000000	377.285510	0.274968	0.208011
152.707944	794.603811	32330.000000	377.285452	0.274968	0.208011
153.320211	794.603854	31920.000000	377.285431	0.274968	0.209298
153.623378	794.604010	30580.000000	377.285357	0.274968	0.208011
151.577186	794.604071	32780.000000	377.285329	0.274968	0.208011
152.857657	794.604129	31160.000000	377.285301	0.274968	0.208011
153.497686	794.604204	32980.000000	377.285265	0.274968	0.208011
155.406426	794.604245	31860.000000	377.285246	0.274968	0.208011
155.947077	794.604332	32320.000000	377.285205	0.274968	0.208011
155.553103	794.604465	31810.000000	377.285142	0.274968	0.208011
152.933608	794.604653	31920.000000	377.285052	0.274968	0.209298
150.822273	794.604777	33050.000000	377.284993	0.274968	0.208011
155.113288	794.604907	31640.000000	377.284932	0.274968	0.208011
151.055098	794.604972	31050.000000	377.284901	0.274968	0.208011
155.274059	794.605146	31840.000000	377.284818	0.274968	0.208011
152.350737	794.605202	31500.000000	377.284792	0.274968	0.208011
152.057323	794.605342	31970.000000	377.284725	0.274968	0.208011
151.320247	794.605436	32860.000000	377.284680	0.274968	0.208011
150.931130	794.605594	32480.000000	377.284605	0.274968	0.208011
156.217012	794.605691	31630.000000	377.284559	0.274968	0.208011
157.326956	794.605740	29740.000000	377.284536	0.274968	0.209298
155.663732	794.605840	25080.000000	377.284489	0.273680	0.208011
152.622440	794.606024	26820.000000	377.284401	0.274968	0.208011
153.160882	794.606068	30720.000000	377.284380	0.274968	0.208011
153.309979	794.606178	28580.000000	377.284328	0.274968	0.208011
153.320260	794.606275	20970.000000	377.284282	0.274968	0.208011
152.677009	794.606332	23570.000000	377.284255	0.274968	0.208011
154.901237	794.606544	28650.000000	377.284154	0.274968	0.208011
151.854839	794.606621	28780.000000	377.284118	0.274968	0.208011
151.711501	794.606688	26170.000000	377.284086	0.274968	0.208011
152.333896	794.606911	20420.000000	377.283980	0.274968	0.206723
152.622116	794.607048	28620.000000	377.283915	0.274968	0.208011
153.500015	794.607142	30550.000000	377.283870	0.274968	0.208011
152.283824	794.607206	31460.000000	377.283840	0.274968	0.208011
151.646125	794.607277	32090.000000	377.283806	0.274968	0.208011
152.886891	794.607446	32100.000000	377.283726	0.274968	0.208011
154.252429	794.607552	33100.000000	377.283676	0.274968	0.208011
153.635746	794.607622	32690.000000	377.283643	0.273680	0.208011
155.097765	794.607714	33890.000000	377.283599	0.274968	0.208011
154.485839	794.607881	31910.000000	377.283520	0.274968	0.209298
152.824796	794.608002	33580.000000	377.283462	0.274968	0.208011
153.057384	794.608141	33950.000000	377.283396	0.274968	0.208011
152.777660	794.608186	32560.000000	377.283375	0.274968	0.208011
157.246145	794.608266	32330.000000	377.283337	0.274968	0.208011
157.301618	794.608338	32510.000000	377.283302	0.274968	0.208011
153.547786	794.608265	34190.000000	377.283337	0.274968	0.208011
153.214116	794.608193	33430.000000	377.283371	0.274968	0.208011
152.470928	794.608165	33560.000000	377.283385	0.274968	0.208011
157.111189	794.608038	32660.000000	377.283445	0.274968	0.208011
155.724415	794.607942	33980.000000	377.283491	0.274968	0.208011
153.029118	794.607869	33160.000000	377.283525	0.274968	0.208011
155.695185	794.607695	33700.000000	377.283608	0.274968	0.208011
155.696499	794.607638	32320.000000	377.283635	0.274968	0.208011
155.804454	794.607595	33540.000000	377.283655	0.274968	0.208011
152.842928	794.607498	33150.000000	377.283701	0.274968	0.208011
152.739684	794.607375	33230.000000	377.283760	0.274968	0.208011
152.334472	794.607225	32190.000000	377.283831	0.274968	0.208011
152.341735	794.607160	31920.000000	377.283862	0.274968	0.208011
155.184999	794.607092	31810.000000	377.283894	0.274968	0.208011
157.428583	794.606964	31650.000000	377.283955	0.274968	0.208011
156.725343	794.606814	29130.000000	377.284026	0.274968	0.208011
155.762419	794.606687	21780.000000	377.284087	0.274968	0.208011
152.076861	794.606587	24450.000000	377.284134	0.274968	0.208011
150.885465	794.606509	29400.000000	377.284171	0.273680	0.208011
152.223120	794.606306	29030.000000	377.284268	0.273680	0.208011
152.248049	794.606248	26720.000000	377.284295	0.273680	0.208011
153.785031	794.606141	19680.000000	377.284346	0.273680	0.208011
156.735502	794.606036	25260.000000	377.284395	0.274968	0.208011
153.295804	794.605980	30120.000000	377.284422	0.274968	0.208011
154.646064	794.605800	28530.000000	377.284508	0.274968	0.208011
155.985627	794.605708	22250.000000	377.284551	0.274968	0.206723
154.783318	794.605660	28990.000000	377.284574	0.274968	0.209298
155.340372	794.605570	30480.000000	377.284617	0.274968	0.209298
153.786443	794.605417	31460.000000	377.284689	0.273680	0.209298
153.850042	794.605312	31520.000000	377.284739	0.273680	0.209298
156.930694	794.605184	31550.000000	377.284800	0.274968	0.209298
156.588313	794.605088	32480.000000	377.284846	0.274968	0.209298
155.729368	794.604959	32670.000000	377.284907	0.274968	0.209298
153.179171	794.604756	31660.000000	377.285003	0.273680	0.209298
152.442548	794.604687	31040.000000	377.285036	0.274968	0.209298
155.568421	794.604577	31300.000000	377.285088	0.274968	0.209298
154.228833	794.604448	33260.000000	377.285149	0.273680	0.209298
152.576669	794.604344	32430.000000	377.285199	0.273680	0.209298
154.791774	794.604223	33090.000000	377.285257	0.273680	0.209298
156.424766	794.604159	31310.000000	377.285287	0.274968	0.208011
154.685847	794.604112	32090.000000	377.285309	0.273680	0.209298
154.838071	794.604005	32350.000000	377.285360	0.273680	0.209298
152.853675	794.603845	30860.000000	377.285436	0.273680	0.209298
154.221015	794.603741	32300.000000	377.285485	0.273680	0.209298
153.428400	794.603662	34180.000000	377.285523	0.273680	0.209298
154.238202	794.603535	33540.000000	377.285583	0.274968	0.209298
154.878784	794.603393	32670.000000	377.285651	0.274968	0.209298
154.504598	794.603265	31400.000000	377.285711	0.273680	0.209298
154.330672	794.603169	32830.000000	377.285757	0.274968	0.209298
154.654952	794.603110	33730.000000	377.285785	0.273680	0.209298
150.927811	794.603141	34060.000000	377.285770	0.273680	0.209298
154.333888	794.603214	33970.000000	377.285736	0.273680	0.209298
153.739001	794.603299	33560.000000	377.285695	0.273680	0.208011
154.336160	794.603402	32840.000000	377.285646	0.274968	0.209298
153.506900	794.603563	33010.000000	377.285570	0.273680	0.209298
152.395701	794.603693	33310.000000	377.285508	0.274968	0.209298
152.606673	794.603767	33750.000000	377.285473	0.274968	0.209298
152.415645	794.603860	33210.000000	377.285429	0.274968	0.208011
152.505015	794.603983	32520.000000	377.285370	0.273680	0.208011
154.667049	794.604092	32910.000000	377.285319	0.274968	0.209298
152.965965	794.604139	32480.000000	377.285296	0.273680	0.209298
154.021055	794.604190	32630.000000	377.285272	0.273680	0.209298
151.542525	794.604258	31790.000000	377.285240	0.274968	0.209298
152.106325	794.604351	32950.000000	377.285195	0.273680	0.209298
152.252367	794.604462	32760.000000	377.285143	0.274968	0.208011
155.407384	794.604651	32170.000000	377.285053	0.273680	0.209298
153.899440	794.604709	32000.000000	377.285026	0.273680	0.209298
153.146627	794.604894	31380.000000	377.284938	0.273680	0.209298
152.198513	794.605022	31900.000000	377.284877	0.273680	0.209298
154.280151	794.605094	31440.000000	377.284843	0.273680	0.209298
154.238936	794.605223	31060.000000	377.284782	0.273680	0.209298
154.172941	794.605337	30870.000000	377.284728	0.273680	0.209298
154.605415	794.605384	31450.000000	377.284705	0.274968	0.209298
153.966516	794.605616	30780.000000	377.284595	0.273680	0.208011
153.802103	794.605657	30110.000000	377.284575	0.273680	0.209298
153.294735	794.605746	28830.000000	377.284533	0.274968	0.209298
155.298605	794.605889	26730.000000	377.284465	0.273680	0.209298
153.991129	794.605995	28450.000000	377.284415	0.273680	0.208011
153.871994	794.606100	27870.000000	377.284365	0.273680	0.209298
154.505226	794.606165	26910.000000	377.284334	0.274968	0.209298
153.197369	794.606225	22130.000000	377.284306	0.273680	0.209298
153.795383	794.606343	19170.000000	377.284250	0.273680	0.209298
154.591875	794.606438	25780.000000	377.284205	0.273680	0.208011
153.555066	794.606635	26490.000000	377.284111	0.273680	0.209298
152.613697	794.606706	25460.000000	377.284077	0.273680	0.209298
154.346985	794.606905	18870.000000	377.283983	0.274968	0.209298
154.272829	794.607033	25960.000000	377.283922	0.273680	0.209298
153.627976	794.607120	26680.000000	377.283881	0.273680	0.209298
153.946802	794.607185	27070.000000	377.283850	0.273680	0.209298
153.559837	794.607275	28100.000000	377.283807	0.273680	0.209298
154.729774	794.607413	29230.000000	377.283742	0.273680	0.209298
154.896566	794.607553	29230.000000	377.283675	0.273680	0.209298
155.164962	794.607614	30600.000000	377.283646	0.273680	0.209298
154.617485	794.607675	30760.000000	377.283617	0.273680	0.209298
155.295386	794.607880	29540.000000	377.283520	0.273680	0.208011
153.674167	794.607963	31780.000000	377.283480	0.273680	0.209298
154.012746	794.608101	30390.000000	377.283415	0.273680	0.209298
153.949467	794.608176	30110.000000	377.283379	0.274968	0.209298
153.692919	794.608219	31510.000000	377.283359	0.273680	0.209298
153.784414	794.608296	29470.000000	377.283322	0.273680	0.209298
153.853374	794.608231	32640.000000	377.283353	0.273680	0.209298
154.156655	794.608190	32520.000000	377.283373	0.273680	0.208011
154.717866	794.608140	31300.000000	377.283397	0.273680	0.209298
153.878184	794.608091	33080.000000	377.283420	0.273680	0.209298
152.643153	794.607969	33450.000000	377.283478	0.273680	0.209298
154.172631	794.607854	32120.000000	377.283532	0.273680	0.208011
153.882477	794.607725	32390.000000	377.283593	0.273680	0.209298
154.430511	794.607606	32960.000000	377.283650	0.273680	0.209298
153.532271	794.607569	33750.000000	377.283667	0.273680	0.209298
155.028523	794.607497	32100.000000	377.283702	0.274968	0.209298
152.889735	794.607320	31560.000000	377.283786	0.273680	0.208011
153.799986	794.607251	31650.000000	377.283819	0.273680	0.208011
152.947047	794.607156	31100.000000	377.283864	0.273680	0.209298
152.666357	794.607061	30810.000000	377.283909	0.273680	0.209298
154.155419	794.606945	32190.000000	377.283964	0.273680	0.208011
153.754617	794.606750	27410.000000	377.284057	0.273680	0.208011
154.378380	794.606661	17770.000000	377.284099	0.273680	0.208011
155.173459	794.606595	24250.000000	377.284130	0.273680	0.209298
154.001120	794.606470	29150.000000	377.284190	0.273680	0.208011
155.948585	794.606321	29090.000000	377.284260	0.273680	0.208011
154.043718	794.606268	27280.000000	377.284286	0.273680	0.209298
155.712888	794.606110	21780.000000	377.284360	0.273680	0.208011
154.214371	794.606050	25820.000000	377.284389	0.273680	0.208011
154.592609	794.605953	30400.000000	377.284435	0.273680	0.209298
153.522510	794.605785	29280.000000	377.284515	0.273680	0.208011
154.860126	794.605715	23170.000000	377.284548	0.273680	0.209298
154.947096	794.605640	28430.000000	377.284583	0.273680	0.208011
155.292330	794.605566	30480.000000	377.284619	0.273680	0.209298
155.567725	794.605416	31340.000000	377.284690	0.273680	0.208011
153.566819	794.605260	32570.000000	377.284764	0.273680	0.208011
155.194642	794.605176	30180.000000	377.284804	0.273680	0.208011
153.450661	794.605065	31100.000000	377.284857	0.273680	0.208011
153.316974	794.604934	32080.000000	377.284919	0.273680	0.208011
153.202344	794.604855	31590.000000	377.284956	0.273680	0.208011
152.338115	794.604687	31320.000000	377.285036	0.273680	0.208011
154.300076	794.604581	32430.000000	377.285086	0.273680	0.209298
152.652757	794.604455	30010.000000	377.285146	0.273680	0.208011
153.798586	794.604317	31470.000000	377.285212	0.273680	0.209298
153.741387	794.604233	31480.000000	377.285252	0.273680	0.209298
153.846277	794.604145	31580.000000	377.285293	0.273680	0.208011
152.158672	794.604095	30880.000000	377.285317	0.273680	0.208011
151.808508	794.604017	34750.000000	377.285354	0.273680	0.208011
151.744786	794.603811	32320.000000	377.285452	0.273680	0.208011
151.478673	794.603770	32060.000000	377.285472	0.273680	0.208011
152.759473	794.603707	32830.000000	377.285501	0.273680	0.208011
152.016084	794.603535	33500.000000	377.285583	0.273680	0.208011
152.871907	794.603432	32850.000000	377.285632	0.273680	0.208011
152.397558	794.603252	33350.000000	377.285718	0.273680	0.208011
153.294109	794.603156	32930.000000	377.285763	0.273680	0.208011
153.317082	794.603090	33380.000000	377.285794	0.273680	0.208011
154.569001	794.603147	32370.000000	377.285767	0.273680	0.208011
152.828622	794.603193	33060.000000	377.285745	0.273680	0.208011
156.323887	794.603263	32880.000000	377.285712	0.273680	0.208011
154.296743	794.603434	33170.000000	377.285631	0.273680	0.208011
156.266935	794.603544	33080.000000	377.285579	0.273680	0.208011
154.988140	794.603720	32820.000000	377.285495	0.273680	0.208011
155.241130	794.603794	33100.000000	377.285460	0.273680	0.208011
156.050527	794.603852	33360.000000	377.285432	0.273680	0.206723
155.158001	794.604010	34950.000000	377.285358	0.273680	0.208011
154.917965	794.604085	32520.000000	377.285322	0.273680	0.208011
156.160892	794.604128	32840.000000	377.285302	0.273680	0.208011
157.781884	794.604187	32430.000000	377.285273	0.273680	0.208011
156.221082	794.604237	33760.000000	377.285250	0.273680	0.208011
155.559024	794.604383	32190.000000	377.285181	0.272393	0.208011
157.124341	794.604476	32330.000000	377.285136	0.273680	0.208011
156.665238	794.604638	31560.000000	377.285059	0.273680	0.208011
156.477866	794.604731	32680.000000	377.285015	0.273680	0.208011
157.217678	794.604889	32680.000000	377.284940	0.273680	0.206723
154.559776	794.604978	33130.000000	377.284898	0.273680	0.208011
155.898636	794.605139	33150.000000	377.284821	0.273680	0.208011
156.067096	794.605187	33740.000000	377.284799	0.272393	0.208011
155.222032	794.605339	32620.000000	377.284726	0.272393	0.208011
154.524304	794.605427	31650.000000	377.284685	0.273680	0.206723
154.268517	794.605595	32220.000000	377.284605	0.273680	0.208011
154.320572	794.605687	30970.000000	377.284561	0.273680	0.208011
154.669528	794.605729	29110.000000	377.284541	0.273680	0.208011
155.206570	794.605887	25050.000000	377.284466	0.273680	0.208011
154.200975	794.606024	27940.000000	377.284401	0.273680	0.208011
155.533357	794.606067	30360.000000	377.284381	0.273680	0.208011
153.346894	794.606176	29410.000000	377.284329	0.273680	0.208011
154.192752	794.606267	21260.000000	377.284286	0.272393	0.206723
155.583231	794.606318	23550.000000	377.284262	0.273680	0.208011
154.310694	794.606512	26040.000000	377.284169	0.273680	0.206723
155.922199	794.606604	29190.000000	377.284126	0.273680	0.208011
155.266537	794.606757	26580.000000	377.284053	0.273680	0.208011
156.161670	794.606942	18890.000000	377.283966	0.273680	0.208011
154.295925	794.607026	27270.000000	377.283925	0.273680	0.208011
154.194348	794.607136	29110.000000	377.283873	0.273680	0.208011
153.661279	794.607206	29660.000000	377.283840	0.273680	0.208011
155.089717	794.607267	31240.000000	377.283811	0.273680	0.208011
155.960553	794.607467	30720.000000	377.283716	0.273680	0.208011
156.331441	794.607554	31130.000000	377.283675	0.273680	0.208011
154.629059	794.607622	31570.000000	377.283642	0.273680	0.208011
154.302265	794.607695	30730.000000	377.283608	0.273680	0.208011
155.638274	794.607817	31580.000000	377.283550	0.273680	0.208011
154.385274	794.608014	30100.000000	377.283457	0.272393	0.208011
156.985441	794.608113	32940.000000	377.283409	0.273680	0.208011
156.796238	794.608157	32520.000000	377.283388	0.273680	0.206723
156.253850	794.608266	32390.000000	377.283337	0.272393	0.206723
155.152031	794.608340	31090.000000	377.283302	0.272393	0.208011
155.851639	794.608255	30820.000000	377.283342	0.272393	0.206723
156.442113	794.608210	31630.000000	377.283363	0.273680	0.210586
155.602116	794.608148	31630.000000	377.283393	0.273680	0.209298
156.188975	794.608067	32170.000000	377.283431	0.273680	0.209298
156.315698	794.607949	32770.000000	377.283487	0.272393	0.208011
155.347340	794.607855	31840.000000	377.283532	0.273680	0.208011
154.810635	794.607674	31870.000000	377.283618	0.273680	0.208011
156.428058	794.607629	32700.000000	377.283639	0.273680	0.208011
153.028575	794.607584	31820.000000	377.283661	0.273680	0.208011
154.860251	794.607519	32310.000000	377.283692	0.272393	0.208011
156.808615	794.607368	32550.000000	377.283763	0.272393	0.208011
156.146006	794.607245	31440.000000	377.283822	0.272393	0.208011
154.758651	794.607172	30980.000000	377.283856	0.272393	0.208011
155.021956	794.607061	31210.000000	377.283909	0.273680	0.189984
153.351661	794.606954	29750.000000	377.283960	0.273680	0.210586
154.641733	794.606808	27640.000000	377.284029	0.272393	0.210586
153.799463	794.606653	17780.000000	377.284103	0.273680	0.209298
155.103660	794.606577	25180.000000	377.284139	0.272393	0.209298
153.073308	794.606519	27760.000000	377.284166	0.273680	0.208011
154.673585	794.606305	28810.000000	377.284268	0.272393	0.209298
153.033678	794.606236	24920.000000	377.284301	0.273680	0.208011
152.423542	794.606131	21490.000000	377.284351	0.272393	0.208011
151.699563	794.606035	26830.000000	377.284396	0.272393	0.208011
153.801806	794.605998	28760.000000	377.284414	0.272393	0.208011
153.683640	794.605763	30600.000000	377.284525	0.273680	0.209298
153.479205	794.605686	25280.000000	377.284562	0.273680	0.208011
153.817884	794.605659	28280.000000	377.284575	0.273680	0.208011
154.172062	794.605531	29670.000000	377.284635	0.273680	0.208011
153.539421	794.605385	30360.000000	377.284705	0.272393	0.208011
154.410019	794.605303	30580.000000	377.284744	0.272393	0.208011
154.961766	794.605144	30410.000000	377.284819	0.273680	0.208011
154.076047	794.605085	32030.000000	377.284847	0.272393	0.208011
153.056563	794.604906	32050.000000	377.284932	0.272393	0.208011
153.547384	794.604796	31880.000000	377.284984	0.273680	0.208011
153.927197	794.604698	31480.000000	377.285031	0.273680	0.208011
153.385969	794.604543	32360.000000	377.285104	0.272393	0.208011
153.747900	794.604425	31670.000000	377.285160	0.273680	0.208011
153.370759	794.604311	31380.000000	377.285214	0.272393	0.208011
154.722836	794.604228	29980.000000	377.285254	0.272393	0.208011
153.116027	794.604178	30950.000000	377.285278	0.272393	0.208011
153.880467	794.604079	32460.000000	377.285325	0.272393	0.208011
153.529030	794.604002	30810.000000	377.285361	0.272393	0.208011
153.378579	794.603888	30610.000000	377.285415	0.272393	0.208011
153.196144	794.603770	31130.000000	377.285472	0.272393	0.208011
153.057091	794.603713	31690.000000	377.285498	0.273680	0.208011
152.231508	794.603539	31700.000000	377.285581	0.272393	0.208011
153.153810	794.603359	30110.000000	377.285667	0.272393	0.208011
153.513203	794.603251	31320.000000	377.285718	0.273680	0.208011
151.907409	794.603148	32900.000000	377.285767	0.273680	0.208011
153.064949	794.603087	31710.000000	377.285796	0.272393	0.208011
153.548122	794.603145	30480.000000	377.285768	0.272393	0.208011
153.396814	794.603216	30900.000000	377.285735	0.272393	0.206723
153.355104	794.603269	31330.000000	377.285709	0.272393	0.208011
153.675811	794.603409	32040.000000	377.285643	0.272393	0.206723
153.802974	794.603559	31180.000000	377.285572	0.272393	0.208011
153.776199	794.603718	31750.000000	377.285496	0.272393	0.208011
153.611578	794.603786	30490.000000	377.285464	0.272393	0.208011
153.826926	794.603840	28210.000000	377.285438	0.272393	0.208011
152.007277	794.603956	27630.000000	377.285383	0.272393	0.206723
154.056615	794.604085	32500.000000	377.285322	0.272393	0.208011
153.235440	794.604150	31320.000000	377.285291	0.272393	0.206723
152.640459	794.604196	34070.000000	377.285269	0.272393	0.208011
153.593528	794.604273	31250.000000	377.285233	0.272393	0.208011
153.470502	794.604343	30110.000000	377.285199	0.272393	0.208011
153.950834	794.604540	31280.000000	377.285106	0.272393	0.206723
154.057351	794.604658	28490.000000	377.285050	0.272393	0.208011
153.088210	794.604737	26730.000000	377.285012	0.272393	0.206723
153.651284	794.604880	29900.000000	377.284944	0.272393	0.206723
153.267278	794.605026	30790.000000	377.284875	0.272393	0.208011
152.714764	794.605099	30650.000000	377.284840	0.272393	0.208011
152.549167	794.605241	31550.000000	377.284773	0.273680	0.208011
153.402042	794.605329	32350.000000	377.284731	0.272393	0.208011
152.855571	794.605424	28500.000000	377.284686	0.273680	0.206723
153.076737	794.605618	30200.000000	377.284594	0.272393	0.208011
152.853609	794.605673	30460.000000	377.284568	0.272393	0.206723
151.932674	794.605764	28440.000000	377.284525	0.272393	0.208011
153.292690	794.605924	26590.000000	377.284449	0.272393	0.206723
153.762732	794.606013	29390.000000	377.284407	0.272393	0.206723
154.090524	794.606104	26380.000000	377.284363	0.272393	0.206723
153.209796	794.606161	25970.000000	377.284336	0.272393	0.206723
152.834510	794.606254	20980.000000	377.284292	0.272393	0.206723
152.828809	794.606337	19910.000000	377.284253	0.272393	0.206723
152.677352	794.606451	26910.000000	377.284199	0.272393	0.206723
154.859563	794.606628	28460.000000	377.284114	0.273680	0.206723
155.362580	794.606720	23920.000000	377.284071	0.273680	0.206723
154.245043	794.606872	19470.000000	377.283999	0.272393	0.208011
154.229452	794.607055	24580.000000	377.283912	0.272393	0.208011
152.464312	794.607131	28680.000000	377.283876	0.272393	0.208011
155.097475	794.607215	30930.000000	377.283836	0.272393	0.206723
154.558831	794.607262	28460.000000	377.283814	0.272393	0.208011
155.213773	794.607383	29130.000000	377.283756	0.272393	0.206723
154.763638	794.607561	30280.000000	377.283672	0.273680	0.206723
155.391581	794.607605	29620.000000	377.283651	0.272393	0.206723
155.618257	794.607669	28490.000000	377.283620	0.273680	0.206723
154.610986	794.607886	30080.000000	377.283517	0.272393	0.206723
154.613015	794.608001	31270.000000	377.283463	0.272393	0.208011
156.157907	794.608128	31350.000000	377.283402	0.272393	0.206723
155.664505	794.608162	30920.000000	377.283386	0.272393	0.206723
155.552186	794.608227	29550.000000	377.283355	0.272393	0.206723
155.476749	794.608321	28580.000000	377.283310	0.272393	0.206723
155.626761	794.608249	29110.000000	377.283345	0.272393	0.206723
155.420752	794.608189	30740.000000	377.283373	0.272393	0.206723
155.126930	794.608149	32750.000000	377.283393	0.272393	0.206723
154.470478	794.608102	30250.000000	377.283415	0.272393	0.206723
154.272129	794.607922	31840.000000	377.283500	0.272393	0.206723
154.632266	794.607857	31020.000000	377.283531	0.272393	0.206723
155.595748	794.607742	29590.000000	377.283586	0.272393	0.206723
155.554509	794.607600	28700.000000	377.283653	0.272393	0.206723
154.924007	794.607575	28860.000000	377.283665	0.272393	0.206723
154.548469	794.607515	32890.000000	377.283693	0.272393	0.206723
154.224184	794.607326	32820.000000	377.283783	0.272393	0.206723
154.005749	794.607260	29680.000000	377.283815	0.272393	0.208011
153.436064	794.607162	33870.000000	377.283861	0.272393	0.206723
153.960566	794.607066	32860.000000	377.283906	0.272393	0.206723
153.916646	794.606987	26910.000000	377.283944	0.272393	0.206723
155.507361	794.606785	26530.000000	377.284040	0.272393	0.205435
153.624378	794.606666	24700.000000	377.284097	0.272393	0.206723
153.368811	794.606594	23710.000000	377.284131	0.272393	0.206723
154.677233	794.606483	29670.000000	377.284183	0.272393	0.206723
154.069999	794.606319	30740.000000	377.284261	0.272393	0.205435
152.578697	794.606237	30340.000000	377.284300	0.272393	0.206723
154.151171	794.606138	26600.000000	377.284347	0.272393	0.206723
153.694366	794.606051	23420.000000	377.284389	0.272393	0.205435
151.992945	794.605956	28820.000000	377.284434	0.272393	0.205435
153.432143	794.605788	30120.000000	377.284513	0.272393	0.206723
153.301302	794.605728	22680.000000	377.284542	0.272393	0.206723
153.572002	794.605662	25710.000000	377.284573	0.272393	0.206723
154.023732	794.605606	31500.000000	377.284600	0.272393	0.206723
151.139291	794.605398	33970.000000	377.284698	0.272393	0.206723
151.364230	794.605292	36450.000000	377.284749	0.272393	0.206723
153.140732	794.605189	35990.000000	377.284798	0.272393	0.206723
156.761822	794.605025	34940.000000	377.284876	0.272393	0.205435
156.498848	794.604920	34240.000000	377.284926	0.271105	0.206723
154.900224	794.604792	33810.000000	377.284986	0.272393	0.206723
154.016284	794.604666	34350.000000	377.285046	0.272393	0.205435
154.442474	794.604630	33270.000000	377.285063	0.272393	0.205435
156.064047	794.604442	34320.000000	377.285152	0.272393	0.206723
154.459600	794.604362	34040.000000	377.285190	0.272393	0.205435
154.582188	794.604243	33870.000000	377.285247	0.272393	0.206723
153.472031	794.604169	34840.000000	377.285282	0.272393	0.205435
152.642050	794.604125	33290.000000	377.285303	0.272393	0.206723
152.290296	794.604026	33650.000000	377.285350	0.272393	0.206723
155.445441	794.603838	34150.000000	377.285439	0.272393	0.205435
151.987452	794.603757	35220.000000	377.285477	0.272393	0.205435
154.111643	794.603646	35540.000000	377.285530	0.272393	0.205435
152.474548	794.603541	35270.000000	377.285580	0.272393	0.205435
150.656387	794.603419	34590.000000	377.285638	0.272393	0.206723
152.111704	794.603263	33440.000000	377.285712	0.272393	0.205435
150.975724	794.603156	33490.000000	377.285763	0.272393	0.205435
153.710051	794.603106	33800.000000	377.285787	0.272393	0.206723
151.001034	794.603153	33600.000000	377.285764	0.272393	0.205435
151.879176	794.603222	33080.000000	377.285732	0.272393	0.205435
150.190212	794.603364	34570.000000	377.285664	0.272393	0.205435
151.666931	794.603432	34220.000000	377.285632	0.272393	0.205435
155.514205	794.603547	34950.000000	377.285577	0.272393	0.205435
155.303520	794.603710	33160.000000	377.285500	0.272393	0.205435
155.536722	794.603774	33840.000000	377.285470	0.272393	0.205435
155.447656	794.603858	33640.000000	377.285430	0.272393	0.205435
151.453680	794.604005	32780.000000	377.285360	0.272393	0.205435
154.411227	794.604076	32920.000000	377.285326	0.272393	0.205435
154.406501	794.604156	33730.000000	377.285288	0.272393	0.205435
156.257670	794.604190	33660.000000	377.285272	0.272393	0.205435
153.954797	794.604238	31750.000000	377.285249	0.272393	0.205435
155.727101	794.604401	32950.000000	377.285172	0.272393	0.205435
154.054475	794.604510	34430.000000	377.285120	0.272393	0.205435
151.796043	794.604618	31800.000000	377.285069	0.272393	0.205435
152.760271	794.604727	32030.000000	377.285017	0.271105	0.205435
152.880197	794.604892	32560.000000	377.284939	0.272393	0.205435
153.937213	794.605036	32990.000000	377.284870	0.272393	0.205435
152.121887	794.605099	31400.000000	377.284840	0.272393	0.205435
151.265302	794.605186	31730.000000	377.284799	0.272393	0.205435
152.934330	794.605337	32270.000000	377.284728	0.271105	0.205435
154.946256	794.605444	31450.000000	377.284677	0.272393	0.205435
151.258336	794.605595	31720.000000	377.284605	0.272393	0.205435
155.279262	794.605657	31130.000000	377.284575	0.271105	0.204148
150.777967	794.605711	30450.000000	377.284550	0.271105	0.204148
151.683276	794.605912	27600.000000	377.284454	0.271105	0.206723
152.389430	794.606010	29580.000000	377.284408	0.272393	0.206723
153.444090	794.606084	29530.000000	377.284373	0.271105	0.205435
155.014919	794.606160	27840.000000	377.284337	0.272393	0.205435
153.001413	794.606252	23840.000000	377.284293	0.272393	0.205435
154.651068	794.606351	20630.000000	377.284246	0.272393	0.205435
155.739711	794.606521	29200.000000	377.284165	0.272393	0.205435
154.197146	794.606608	29950.000000	377.284124	0.272393	0.205435
155.066296	794.606741	26770.000000	377.284061	0.272393	0.205435
152.840697	794.606923	20620.000000	377.283974	0.272393	0.205435
155.402655	794.607015	28650.000000	377.283930	0.272393	0.205435
154.883796	794.607132	30920.000000	377.283875	0.272393	0.205435
155.439957	794.607209	30930.000000	377.283839	0.271105	0.205435
153.153503	794.607284	33450.000000	377.283803	0.272393	0.205435
155.672865	794.607475	31870.000000	377.283712	0.272393	0.205435
157.131233	794.607564	33530.000000	377.283670	0.272393	0.204148
156.976819	794.607642	32980.000000	377.283633	0.272393	0.205435
157.331124	794.607705	34110.000000	377.283603	0.271105	0.205435
158.147389	794.607889	34970.000000	377.283516	0.271105	0.204148
155.507639	794.607997	34640.000000	377.283465	0.271105	0.204148
156.730361	794.608132	34780.000000	377.283401	0.272393	0.204148
156.459710	794.608190	34770.000000	377.283373	0.271105	0.204148
155.271364	794.608270	34630.000000	377.283335	0.271105	0.204148
156.126448	794.608365	34020.000000	377.283290	0.272393	0.204148
157.953334	794.608270	35600.000000	377.283335	0.271105	0.204148
155.133657	794.608223	34120.000000	377.283357	0.271105	0.204148
152.223950	794.608175	34000.000000	377.283380	0.271105	0.202860
153.171430	794.608026	33980.000000	377.283451	0.272393	0.204148
154.438030	794.607950	34690.000000	377.283487	0.272393	0.204148
151.232189	794.607892	34100.000000	377.283514	0.272393	0.204148
152.479369	794.607695	33650.000000	377.283608	0.272393	0.201573
153.120307	794.607633	33890.000000	377.283637	0.271105	0.202860
154.790920	794.607555	34960.000000	377.283674	0.271105	0.200285
156.234659	794.607515	34950.000000	377.283693	0.272393	0.200285
153.011748	794.607434	34410.000000	377.283732	0.271105	0.200285
154.083707	794.607254	33990.000000	377.283817	0.271105	0.198997
153.875861	794.607189	32890.000000	377.283848	0.271105	0.198997
152.036266	794.607098	32470.000000	377.283891	0.271105	0.197710
151.644042	794.606965	32900.000000	377.283955	0.271105	0.196422
151.473806	794.606876	32660.000000	377.283997	0.271105	0.196422
155.654512	794.606666	22010.000000	377.284097	0.272393	0.196422
157.454161	794.606619	24720.000000	377.284119	0.272393	0.196422
157.501691	794.606539	28280.000000	377.284157	0.271105	0.196422
154.902908	794.606350	29540.000000	377.284247	0.272393	0.195134
154.252311	794.606245	27890.000000	377.284296	0.272393	0.195134
153.046272	794.606135	21430.000000	377.284349	0.271105	0.195134
157.540965	794.606059	27490.000000	377.284385	0.271105	0.193847
154.999352	794.605988	30200.000000	377.284418	0.271105	0.195134
154.634579	794.605786	30600.000000	377.284514	0.271105	0.193847
157.499669	794.605685	26560.000000	377.284562	0.271105	0.192559
155.433167	794.605641	31030.000000	377.284583	0.271105	0.192559
157.452870	794.605591	31640.000000	377.284607	0.271105	0.192559
155.959274	794.605440	32020.000000	377.284678	0.271105	0.192559
154.940153	794.605341	32450.000000	377.284726	0.271105	0.192559
155.814472	794.605186	32010.000000	377.284799	0.271105	0.191271
156.851354	794.605119	31400.000000	377.284831	0.271105	0.191271
157.492046	794.604950	31150.000000	377.284911	0.271105	0.189984
154.646605	794.604800	32570.000000	377.284982	0.271105	0.189984
156.465796	794.604696	32690.000000	377.285032	0.271105	0.191271
156.677394	794.604583	30700.000000	377.285085	0.271105	0.189984
156.601427	794.604494	32190.000000	377.285128	0.271105	0.189984
155.593982	794.604312	32030.000000	377.285214	0.271105	0.189984
153.757297	794.604243	31320.000000	377.285247	0.271105	0.189984
154.454299	794.604175	32270.000000	377.285279	0.271105	0.189984
154.174540	794.604063	32780.000000	377.285332	0.271105	0.189984
154.677960	794.604013	31850.000000	377.285356	0.271105	0.189984
156.368190	794.603902	33640.000000	377.285409	0.271105	0.189984
153.693447	794.603759	33580.000000	377.285477	0.271105	0.189984
153.354773	794.603710	33240.000000	377.285500	0.271105	0.189984
156.819171	794.603529	32450.000000	377.285586	0.271105	0.188696
155.700410	794.603464	33000.000000	377.285617	0.271105	0.189984
154.837043	794.603311	32040.000000	377.285689	0.271105	0.188696
154.745127	794.603173	32520.000000	377.285755	0.271105	0.189984
151.975669	794.603117	33980.000000	377.285782	0.271105	0.188696
154.180860	794.603154	32710.000000	377.285764	0.271105	0.189984
154.264631	794.603219	32510.000000	377.285733	0.271105	0.188696
152.213001	794.603332	32880.000000	377.285679	0.271105	0.187409
154.441431	794.603488	32740.000000	377.285605	0.271105	0.188696
155.242080	794.603577	32490.000000	377.285563	0.271105	0.188696
151.750229	794.603715	33080.000000	377.285498	0.271105	0.188696
152.444762	794.603778	31740.000000	377.285467	0.271105	0.188696
153.834458	794.603847	32930.000000	377.285435	0.271105	0.188696
154.015078	794.603970	33810.000000	377.285376	0.271105	0.187409
152.351707	794.604066	33230.000000	377.285331	0.271105	0.188696
155.518433	794.604129	33480.000000	377.285301	0.271105	0.188696
152.625758	794.604200	33170.000000	377.285267	0.271105	0.188696
152.612405	794.604251	33090.000000	377.285243	0.271105	0.187409
153.976895	794.604347	32100.000000	377.285197	0.271105	0.188696
154.755165	794.604539	32400.000000	377.285106	0.271105	0.188696
153.983140	794.604644	32290.000000	377.285056	0.271105	0.187409
152.943410	794.604721	33270.000000	377.285020	0.271105	0.188696
151.523590	794.604885	31370.000000	377.284942	0.271105	0.188696
154.011235	794.605023	31990.000000	377.284877	0.271105	0.187409
151.185629	794.605133	32400.000000	377.284824	0.271105	0.188696
154.289126	794.605191	32540.000000	377.284797	0.271105	0.188696
150.586231	794.605326	31790.000000	377.284733	0.271105	0.188696
152.339395	794.605497	31510.000000	377.284651	0.271105	0.188696
151.965672	794.605613	30910.000000	377.284596	0.271105	0.188696
152.521198	794.605667	31540.000000	377.284571	0.271105	0.188696
151.513964	794.605709	30880.000000	377.284551	0.271105	0.187409
151.725170	794.605887	27730.000000	377.284466	0.271105	0.188696
154.439315	794.606024	30540.000000	377.284401	0.271105	0.188696
153.028538	794.606081	29570.000000	377.284374	0.271105	0.188696
151.926971	794.606142	29570.000000	377.284345	0.271105	0.188696
151.707835	794.606269	22160.000000	377.284285	0.271105	0.187409
151.639667	794.606362	21030.000000	377.284241	0.271105	0.189984
154.561807	794.606482	30130.000000	377.284184	0.271105	0.188696
152.335011	794.606646	29500.000000	377.284106	0.271105	0.188696
153.689864	794.606716	24760.000000	377.284072	0.271105	0.188696
152.875628	794.606961	18680.000000	377.283956	0.271105	0.188696
156.393927	794.607030	29760.000000	377.283924	0.271105	0.188696
151.372083	794.607122	32530.000000	377.283880	0.271105	0.188696
151.888439	794.607216	31700.000000	377.283835	0.271105	0.188696
152.167928	794.607281	31900.000000	377.283804	0.271105	0.188696
153.123724	794.607397	31360.000000	377.283749	0.271105	0.188696
153.875022	794.607553	33150.000000	377.283675	0.271105	0.188696
157.037650	794.607619	33750.000000	377.283644	0.271105	0.188696
155.469975	794.607724	34500.000000	377.283594	0.271105	0.188696
154.810176	794.607877	33560.000000	377.283521	0.271105	0.188696
153.015718	794.607986	33000.000000	377.283470	0.271105	0.188696
157.500016	794.608120	32950.000000	377.283406	0.271105	0.188696
156.586158	794.608174	32930.000000	377.283380	0.271105	0.188696
154.689799	794.608242	32580.000000	377.283348	0.271105	0.188696
152.791673	794.608312	32260.000000	377.283315	0.271105	0.188696
153.654658	794.608264	33340.000000	377.283338	0.271105	0.188696
153.513274	794.608187	34090.000000	377.283374	0.271105	0.188696
152.996483	794.608155	32940.000000	377.283389	0.271105	0.188696
156.855100	794.608090	32240.000000	377.283420	0.269817	0.188696
155.394367	794.607978	31210.000000	377.283474	0.271105	0.188696
156.083066	794.607862	31690.000000	377.283528	0.271105	0.188696
154.758434	794.607744	32500.000000	377.283585	0.271105	0.188696
154.088202	794.607612	32660.000000	377.283647	0.271105	0.189984
155.736615	794.607565	32630.000000	377.283669	0.271105	0.188696
155.102408	794.607462	32570.000000	377.283718	0.271105	0.188696
155.007143	794.607302	30880.000000	377.283794	0.271105	0.189984
152.979020	794.607236	31350.000000	377.283826	0.271105	0.189984
153.798780	794.607153	32330.000000	377.283865	0.271105	0.189984
157.368093	794.607070	30260.000000	377.283905	0.271105	0.189984
155.831005	794.606985	29970.000000	377.283945	0.269817	0.189984
152.555309	794.606809	27900.000000	377.284028	0.271105	0.189984
154.942042	794.606660	21870.000000	377.284099	0.271105	0.189984
152.359821	794.606580	27630.000000	377.284137	0.271105	0.189984
155.451415	794.606438	29550.000000	377.284204	0.271105	0.189984
154.782431	794.606345	29130.000000	377.284249	0.271105	0.189984
152.079987	794.606220	22800.000000	377.284308	0.271105	0.188696
152.865625	794.606109	21970.000000	377.284361	0.271105	0.188696
153.351417	794.606059	29420.000000	377.284385	0.269817	0.188696
153.036905	794.605967	30830.000000	377.284428	0.269817	0.188696
152.596672	794.605819	29280.000000	377.284499	0.271105	0.188696
151.805696	794.605675	25670.000000	377.284567	0.271105	0.188696
153.700781	794.605643	31050.000000	377.284582	0.271105	0.188696
151.815095	794.605595	32320.000000	377.284605	0.269817	0.189984
153.273046	794.605399	31160.000000	377.284698	0.269817	0.188696
151.404960	794.605311	31130.000000	377.284740	0.271105	0.189984
151.589219	794.605221	32640.000000	377.284782	0.271105	0.189984
151.737098	794.605070	31720.000000	377.284854	0.271105	0.189984
152.367470	794.604969	33290.000000	377.284902	0.271105	0.188696
151.942047	794.604751	32500.000000	377.285006	0.271105	0.189984
156.577376	794.604701	32620.000000	377.285030	0.271105	0.189984
152.911448	794.604590	33260.000000	377.285082	0.269817	0.189984
151.508608	794.604434	33510.000000	377.285156	0.271105	0.189984
155.155175	794.604306	31390.000000	377.285217	0.271105	0.189984
153.214257	794.604241	31970.000000	377.285248	0.271105	0.188696
156.063795	794.604167	33300.000000	377.285283	0.271105	0.189984
156.470534	794.604104	33700.000000	377.285313	0.271105	0.188696
155.863017	794.603979	33970.000000	377.285372	0.271105	0.188696
155.220185	794.603865	33120.000000	377.285426	0.271105	0.188696
156.754086	794.603796	33480.000000	377.285459	0.271105	0.189984
154.915850	794.603684	32930.000000	377.285512	0.271105	0.189984
151.527628	794.603577	34760.000000	377.285563	0.271105	0.189984
153.794087	794.603462	35310.000000	377.285618	0.271105	0.189984
